
--- LOG START: 2026-02-05T15:30:32.840Z ---
[2026-02-05T15:30:32.855Z] 📂 Pass 1: Scanning
[2026-02-05T15:30:32.856Z] 141 files for patterns...
[2026-02-05T15:30:33.133Z] ✅ Found 872 patterns
[2026-02-05T15:30:33.133Z] 🔗 Pass 2: Analyzing connections using AST queries...
[2026-02-05T15:30:33.190Z] 🔗 Analyzing connections for 872 patterns...
[2026-02-05T15:30:33.190Z] Mode: AST-based queries (ADVANCED)
[2026-02-05T15:30:33.190Z] Built pattern map with 1356 entries
[2026-02-05T15:30:33.190Z] 🔍 Analyzing connections for 'password'...
[2026-02-05T15:30:33.207Z] ✓ Calls: 1, Used by: 0, Imports: 20
[2026-02-05T15:30:33.207Z] 🔍 Analyzing connections for 'title'...
[2026-02-05T15:30:33.225Z] ✓ Calls: 1, Used by: 0, Imports: 0
[2026-02-05T15:30:33.225Z] 🔍 Analyzing connections for 'description'...
[2026-02-05T15:30:33.242Z] ✓ Calls: 1, Used by: 0, Imports: 0
[2026-02-05T15:30:33.242Z] 🔍 Analyzing connections for 'title'...
[2026-02-05T15:30:33.260Z] ✓ Calls: 1, Used by: 0, Imports: 0
[2026-02-05T15:30:33.260Z] 🔍 Analyzing connections for 'itemRow'...
[2026-02-05T15:30:33.278Z] ✓ Calls: 0, Used by: 0, Imports: 0
[2026-02-05T15:30:33.278Z] 🔍 Analyzing connections for 'updatedTitle'...
[2026-02-05T15:30:33.296Z] ✓ Calls: 1, Used by: 0, Imports: 0
[2026-02-05T15:30:33.297Z] 🔍 Analyzing connections for 'itemRow'...
[2026-02-05T15:30:33.314Z] ✓ Calls: 0, Used by: 0, Imports: 0
[2026-02-05T15:30:33.314Z] 🔍 Analyzing connections for 'email'...
[2026-02-05T15:30:33.333Z] ✓ Calls: 1, Used by: 0, Imports: 9
[2026-02-05T15:30:33.333Z] 🔍 Analyzing connections for 'password'...
[2026-02-05T15:30:33.352Z] ✓ Calls: 1, Used by: 0, Imports: 20
[2026-02-05T15:30:33.352Z] 🔍 Analyzing connections for 'fullName'...
[2026-02-05T15:30:33.369Z] ✓ Calls: 0, Used by: 0, Imports: 0
[2026-02-05T15:30:33.369Z] 🔍 Analyzing connections for 'email'...
[2026-02-05T15:30:33.387Z] ✓ Calls: 1, Used by: 0, Imports: 9
[2026-02-05T15:30:33.387Z] 🔍 Analyzing connections for 'password'...
[2026-02-05T15:30:33.405Z] ✓ Calls: 1, Used by: 0, Imports: 20
[2026-02-05T15:30:33.405Z] 🔍 Analyzing connections for 'newPassword'...
[2026-02-05T15:30:33.421Z] ✓ Calls: 1, Used by: 0, Imports: 0
[2026-02-05T15:30:33.421Z] 🔍 Analyzing connections for 'emailData'...
[2026-02-05T15:30:33.437Z] ✓ Calls: 1, Used by: 0, Imports: 0
[2026-02-05T15:30:33.438Z] 🔍 Analyzing connections for 'selector'...
[2026-02-05T15:30:33.454Z] ✓ Calls: 0, Used by: 0, Imports: 0
[2026-02-05T15:30:33.454Z] 🔍 Analyzing connections for 'password'...
[2026-02-05T15:30:33.471Z] ✓ Calls: 1, Used by: 0, Imports: 20
[2026-02-05T15:30:33.471Z] 🔍 Analyzing connections for 'invalidUrl'...
[2026-02-05T15:30:33.488Z] ✓ Calls: 0, Used by: 0, Imports: 0
[2026-02-05T15:30:33.488Z] 🔍 Analyzing connections for 'fullName'...
[2026-02-05T15:30:33.505Z] ✓ Calls: 0, Used by: 0, Imports: 0
[2026-02-05T15:30:33.505Z] 🔍 Analyzing connections for 'email'...
[2026-02-05T15:30:33.522Z] ✓ Calls: 1, Used by: 0, Imports: 9
[2026-02-05T15:30:33.522Z] 🔍 Analyzing connections for 'password'...
[2026-02-05T15:30:33.540Z] ✓ Calls: 1, Used by: 0, Imports: 20
[2026-02-05T15:30:33.540Z] 🔍 Analyzing connections for 'weakPassword'...
[2026-02-05T15:30:33.558Z] ✓ Calls: 0, Used by: 0, Imports: 0
[2026-02-05T15:30:33.558Z] 🔍 Analyzing connections for 'emailData'...
[2026-02-05T15:30:33.576Z] ✓ Calls: 1, Used by: 0, Imports: 0
[2026-02-05T15:30:33.576Z] 🔍 Analyzing connections for 'selector'...
[2026-02-05T15:30:33.593Z] ✓ Calls: 0, Used by: 0, Imports: 0
[2026-02-05T15:30:33.593Z] 🔍 Analyzing connections for 'fillForm'...
[2026-02-05T15:30:33.610Z] ✓ Calls: 0, Used by: 0, Imports: 0
[2026-02-05T15:30:33.610Z] 🔍 Analyzing connections for 'verifyInput'...
[2026-02-05T15:30:33.628Z] ✓ Calls: 0, Used by: 0, Imports: 0
[2026-02-05T15:30:33.629Z] 🔍 Analyzing connections for 'input'...
[2026-02-05T15:30:33.647Z] ✓ Calls: 0, Used by: 0, Imports: 26
[2026-02-05T15:30:33.647Z] 🔍 Analyzing connections for 'full_name'...
[2026-02-05T15:30:33.665Z] ✓ Calls: 0, Used by: 0, Imports: 0
[2026-02-05T15:30:33.665Z] 🔍 Analyzing connections for 'email'...
[2026-02-05T15:30:33.683Z] ✓ Calls: 1, Used by: 0, Imports: 9
[2026-02-05T15:30:33.683Z] 🔍 Analyzing connections for 'password'...
[2026-02-05T15:30:33.700Z] ✓ Calls: 1, Used by: 0, Imports: 20
[2026-02-05T15:30:33.700Z] 🔍 Analyzing connections for 'fullName'...
[2026-02-05T15:30:33.718Z] ✓ Calls: 0, Used by: 0, Imports: 0
[2026-02-05T15:30:33.718Z] 🔍 Analyzing connections for 'email'...
[2026-02-05T15:30:33.735Z] ✓ Calls: 1, Used by: 0, Imports: 9
[2026-02-05T15:30:33.735Z] 🔍 Analyzing connections for 'password'...
[2026-02-05T15:30:33.751Z] ✓ Calls: 1, Used by: 0, Imports: 20
[2026-02-05T15:30:33.751Z] 🔍 Analyzing connections for 'fullName'...
[2026-02-05T15:30:33.767Z] ✓ Calls: 0, Used by: 0, Imports: 0
[2026-02-05T15:30:33.767Z] 🔍 Analyzing connections for 'email'...
[2026-02-05T15:30:33.784Z] ✓ Calls: 1, Used by: 0, Imports: 9
[2026-02-05T15:30:33.784Z] 🔍 Analyzing connections for 'password'...
[2026-02-05T15:30:33.802Z] ✓ Calls: 0, Used by: 0, Imports: 20
[2026-02-05T15:30:33.802Z] 🔍 Analyzing connections for 'fullName'...
[2026-02-05T15:30:33.820Z] ✓ Calls: 0, Used by: 0, Imports: 0
[2026-02-05T15:30:33.820Z] 🔍 Analyzing connections for 'email'...
[2026-02-05T15:30:33.837Z] ✓ Calls: 1, Used by: 0, Imports: 9
[2026-02-05T15:30:33.837Z] 🔍 Analyzing connections for 'password'...
[2026-02-05T15:30:33.855Z] ✓ Calls: 1, Used by: 0, Imports: 20
[2026-02-05T15:30:33.855Z] 🔍 Analyzing connections for 'password2'...
[2026-02-05T15:30:33.873Z] ✓ Calls: 1, Used by: 0, Imports: 0
[2026-02-05T15:30:33.873Z] 🔍 Analyzing connections for 'fullName'...
[2026-02-05T15:30:33.891Z] ✓ Calls: 0, Used by: 0, Imports: 0
[2026-02-05T15:30:33.891Z] 🔍 Analyzing connections for 'email'...
[2026-02-05T15:30:33.909Z] ✓ Calls: 1, Used by: 0, Imports: 9
[2026-02-05T15:30:33.909Z] 🔍 Analyzing connections for 'password'...
[2026-02-05T15:30:33.926Z] ✓ Calls: 1, Used by: 0, Imports: 20
[2026-02-05T15:30:33.926Z] 🔍 Analyzing connections for 'fullName'...
[2026-02-05T15:30:33.944Z] ✓ Calls: 0, Used by: 0, Imports: 0
[2026-02-05T15:30:33.944Z] 🔍 Analyzing connections for 'email'...
[2026-02-05T15:30:33.961Z] ✓ Calls: 0, Used by: 0, Imports: 9
[2026-02-05T15:30:33.961Z] 🔍 Analyzing connections for 'password'...
[2026-02-05T15:30:33.979Z] ✓ Calls: 1, Used by: 0, Imports: 20
[2026-02-05T15:30:33.979Z] 🔍 Analyzing connections for 'fullName'...
[2026-02-05T15:30:33.997Z] ✓ Calls: 0, Used by: 0, Imports: 0
[2026-02-05T15:30:33.997Z] 🔍 Analyzing connections for 'email'...
[2026-02-05T15:30:34.016Z] ✓ Calls: 1, Used by: 0, Imports: 9
[2026-02-05T15:30:34.016Z] 🔍 Analyzing connections for 'password'...
[2026-02-05T15:30:34.033Z] ✓ Calls: 0, Used by: 0, Imports: 20
[2026-02-05T15:30:34.034Z] 🔍 Analyzing connections for 'authFile'...
[2026-02-05T15:30:34.052Z] ✓ Calls: 0, Used by: 0, Imports: 0
[2026-02-05T15:30:34.052Z] 🔍 Analyzing connections for 'fillForm'...
[2026-02-05T15:30:34.071Z] ✓ Calls: 0, Used by: 0, Imports: 0
[2026-02-05T15:30:34.071Z] 🔍 Analyzing connections for 'verifyInput'...
[2026-02-05T15:30:34.095Z] ✓ Calls: 0, Used by: 0, Imports: 0
[2026-02-05T15:30:34.096Z] 🔍 Analyzing connections for 'input'...
[2026-02-05T15:30:34.115Z] ✓ Calls: 0, Used by: 0, Imports: 26
[2026-02-05T15:30:34.115Z] 🔍 Analyzing connections for 'password'...
[2026-02-05T15:30:34.132Z] ✓ Calls: 1, Used by: 0, Imports: 20
[2026-02-05T15:30:34.132Z] 🔍 Analyzing connections for 'findEmail'...
[2026-02-05T15:30:34.148Z] ✓ Calls: 0, Used by: 1, Imports: 0
[2026-02-05T15:30:34.148Z] 🔍 Analyzing connections for 'findLastEmail'...
[2026-02-05T15:30:34.165Z] ✓ Calls: 1, Used by: 2, Imports: 2
[2026-02-05T15:30:34.165Z] 🔍 Analyzing connections for 'checkEmails'...
[2026-02-05T15:30:34.183Z] ✓ Calls: 1, Used by: 1, Imports: 0
[2026-02-05T15:30:34.183Z] 🔍 Analyzing connections for 'Email'...
[2026-02-05T15:30:34.201Z] ✓ Calls: 0, Used by: 0, Imports: 17
[2026-02-05T15:30:34.201Z] 🔍 Analyzing connections for 'response'...
[2026-02-05T15:30:34.218Z] ✓ Calls: 0, Used by: 0, Imports: 1
[2026-02-05T15:30:34.218Z] 🔍 Analyzing connections for 'email'...
[2026-02-05T15:30:34.236Z] ✓ Calls: 0, Used by: 0, Imports: 9
[2026-02-05T15:30:34.236Z] 🔍 Analyzing connections for 'timeoutPromise'...
[2026-02-05T15:30:34.254Z] ✓ Calls: 0, Used by: 0, Imports: 0
[2026-02-05T15:30:34.254Z] 🔍 Analyzing connections for 'emailData'...
[2026-02-05T15:30:34.271Z] ✓ Calls: 1, Used by: 0, Imports: 0
[2026-02-05T15:30:34.271Z] 🔍 Analyzing connections for 'randomEmail'...
[2026-02-05T15:30:34.288Z] ✓ Calls: 0, Used by: 19, Imports: 10
[2026-02-05T15:30:34.288Z] 🔍 Analyzing connections for 'randomTeamName'...
[2026-02-05T15:30:34.305Z] ✓ Calls: 0, Used by: 0, Imports: 0
[2026-02-05T15:30:34.305Z] 🔍 Analyzing connections for 'randomPassword'...
[2026-02-05T15:30:34.322Z] ✓ Calls: 0, Used by: 23, Imports: 12
[2026-02-05T15:30:34.322Z] 🔍 Analyzing connections for 'slugify'...
[2026-02-05T15:30:34.339Z] ✓ Calls: 0, Used by: 0, Imports: 0
[2026-02-05T15:30:34.339Z] 🔍 Analyzing connections for 'randomItemTitle'...
[2026-02-05T15:30:34.356Z] ✓ Calls: 0, Used by: 3, Imports: 2
[2026-02-05T15:30:34.356Z] 🔍 Analyzing connections for 'randomItemDescription'...
[2026-02-05T15:30:34.373Z] ✓ Calls: 0, Used by: 1, Imports: 2
[2026-02-05T15:30:34.373Z] 🔍 Analyzing connections for 'createUser'...
[2026-02-05T15:30:34.391Z] ✓ Calls: 0, Used by: 1, Imports: 6
[2026-02-05T15:30:34.391Z] 🔍 Analyzing connections for 'signUpNewUser'...
[2026-02-05T15:30:34.408Z] ✓ Calls: 0, Used by: 0, Imports: 2
[2026-02-05T15:30:34.408Z] 🔍 Analyzing connections for 'logInUser'...
[2026-02-05T15:30:34.424Z] ✓ Calls: 0, Used by: 0, Imports: 8
[2026-02-05T15:30:34.424Z] 🔍 Analyzing connections for 'logOutUser'...
[2026-02-05T15:30:34.441Z] ✓ Calls: 0, Used by: 0, Imports: 2
[2026-02-05T15:30:34.441Z] 🔍 Analyzing connections for 'email'...
[2026-02-05T15:30:34.457Z] ✓ Calls: 1, Used by: 0, Imports: 9
[2026-02-05T15:30:34.457Z] 🔍 Analyzing connections for 'password'...
[2026-02-05T15:30:34.473Z] ✓ Calls: 1, Used by: 0, Imports: 20
[2026-02-05T15:30:34.473Z] 🔍 Analyzing connections for 'fullName'...
[2026-02-05T15:30:34.489Z] ✓ Calls: 0, Used by: 0, Imports: 0
[2026-02-05T15:30:34.489Z] 🔍 Analyzing connections for 'userRow'...
[2026-02-05T15:30:34.506Z] ✓ Calls: 0, Used by: 0, Imports: 0
[2026-02-05T15:30:34.506Z] 🔍 Analyzing connections for 'email'...
[2026-02-05T15:30:34.523Z] ✓ Calls: 1, Used by: 0, Imports: 9
[2026-02-05T15:30:34.523Z] 🔍 Analyzing connections for 'password'...
[2026-02-05T15:30:34.540Z] ✓ Calls: 1, Used by: 0, Imports: 20
[2026-02-05T15:30:34.540Z] 🔍 Analyzing connections for 'userRow'...
[2026-02-05T15:30:34.558Z] ✓ Calls: 0, Used by: 0, Imports: 0
[2026-02-05T15:30:34.558Z] 🔍 Analyzing connections for 'email'...
[2026-02-05T15:30:34.576Z] ✓ Calls: 1, Used by: 0, Imports: 9
[2026-02-05T15:30:34.577Z] 🔍 Analyzing connections for 'password'...
[2026-02-05T15:30:34.594Z] ✓ Calls: 1, Used by: 0, Imports: 20
[2026-02-05T15:30:34.594Z] 🔍 Analyzing connections for 'originalName'...
[2026-02-05T15:30:34.612Z] ✓ Calls: 0, Used by: 0, Imports: 0
[2026-02-05T15:30:34.612Z] 🔍 Analyzing connections for 'updatedName'...
[2026-02-05T15:30:34.629Z] ✓ Calls: 0, Used by: 0, Imports: 0
[2026-02-05T15:30:34.629Z] 🔍 Analyzing connections for 'userRow'...
[2026-02-05T15:30:34.647Z] ✓ Calls: 0, Used by: 0, Imports: 0
[2026-02-05T15:30:34.647Z] 🔍 Analyzing connections for 'email'...
[2026-02-05T15:30:34.664Z] ✓ Calls: 1, Used by: 0, Imports: 9
[2026-02-05T15:30:34.664Z] 🔍 Analyzing connections for 'password'...
[2026-02-05T15:30:34.680Z] ✓ Calls: 1, Used by: 0, Imports: 20
[2026-02-05T15:30:34.680Z] 🔍 Analyzing connections for 'userRow'...
[2026-02-05T15:30:34.698Z] ✓ Calls: 0, Used by: 0, Imports: 0
[2026-02-05T15:30:34.698Z] 🔍 Analyzing connections for 'email'...
[2026-02-05T15:30:34.714Z] ✓ Calls: 1, Used by: 0, Imports: 9
[2026-02-05T15:30:34.714Z] 🔍 Analyzing connections for 'password'...
[2026-02-05T15:30:34.731Z] ✓ Calls: 1, Used by: 0, Imports: 20
[2026-02-05T15:30:34.731Z] 🔍 Analyzing connections for 'tabs'...
[2026-02-05T15:30:34.748Z] ✓ Calls: 0, Used by: 0, Imports: 4
[2026-02-05T15:30:34.748Z] 🔍 Analyzing connections for 'updatedName'...
[2026-02-05T15:30:34.764Z] ✓ Calls: 0, Used by: 0, Imports: 0
[2026-02-05T15:30:34.764Z] 🔍 Analyzing connections for 'email'...
[2026-02-05T15:30:34.781Z] ✓ Calls: 1, Used by: 0, Imports: 9
[2026-02-05T15:30:34.781Z] 🔍 Analyzing connections for 'password'...
[2026-02-05T15:30:34.798Z] ✓ Calls: 1, Used by: 0, Imports: 20
[2026-02-05T15:30:34.798Z] 🔍 Analyzing connections for 'updatedEmail'...
[2026-02-05T15:30:34.818Z] ✓ Calls: 1, Used by: 0, Imports: 0
[2026-02-05T15:30:34.818Z] 🔍 Analyzing connections for 'email'...
[2026-02-05T15:30:34.837Z] ✓ Calls: 1, Used by: 0, Imports: 9
[2026-02-05T15:30:34.837Z] 🔍 Analyzing connections for 'password'...
[2026-02-05T15:30:34.855Z] ✓ Calls: 1, Used by: 0, Imports: 20
[2026-02-05T15:30:34.855Z] 🔍 Analyzing connections for 'user'...
[2026-02-05T15:30:34.874Z] ✓ Calls: 1, Used by: 0, Imports: 26
[2026-02-05T15:30:34.874Z] 🔍 Analyzing connections for 'email'...
[2026-02-05T15:30:34.894Z] ✓ Calls: 1, Used by: 0, Imports: 9
[2026-02-05T15:30:34.894Z] 🔍 Analyzing connections for 'password'...
[2026-02-05T15:30:34.914Z] ✓ Calls: 1, Used by: 0, Imports: 20
[2026-02-05T15:30:34.914Z] 🔍 Analyzing connections for 'email'...
[2026-02-05T15:30:34.933Z] ✓ Calls: 1, Used by: 0, Imports: 9
[2026-02-05T15:30:34.933Z] 🔍 Analyzing connections for 'password'...
[2026-02-05T15:30:34.952Z] ✓ Calls: 1, Used by: 0, Imports: 20
[2026-02-05T15:30:34.952Z] 🔍 Analyzing connections for 'newPassword'...
[2026-02-05T15:30:34.969Z] ✓ Calls: 1, Used by: 0, Imports: 0
[2026-02-05T15:30:34.969Z] 🔍 Analyzing connections for 'weakPassword'...
[2026-02-05T15:30:34.987Z] ✓ Calls: 0, Used by: 0, Imports: 0
[2026-02-05T15:30:34.987Z] 🔍 Analyzing connections for 'isLightMode'...
[2026-02-05T15:30:35.005Z] ✓ Calls: 0, Used by: 0, Imports: 0
[2026-02-05T15:30:35.005Z] 🔍 Analyzing connections for 'getEnvVar'...
[2026-02-05T15:30:35.023Z] ✓ Calls: 0, Used by: 2, Imports: 0
[2026-02-05T15:30:35.023Z] 🔍 Analyzing connections for '__filename'...
[2026-02-05T15:30:35.040Z] ✓ Calls: 0, Used by: 0, Imports: 0
[2026-02-05T15:30:35.040Z] 🔍 Analyzing connections for '__dirname'...
[2026-02-05T15:30:35.057Z] ✓ Calls: 0, Used by: 0, Imports: 0
[2026-02-05T15:30:35.057Z] 🔍 Analyzing connections for 'value'...
[2026-02-05T15:30:35.075Z] ✓ Calls: 0, Used by: 1, Imports: 0
[2026-02-05T15:30:35.075Z] 🔍 Analyzing connections for 'firstSuperuser'...
[2026-02-05T15:30:35.092Z] ✓ Calls: 1, Used by: 0, Imports: 8
[2026-02-05T15:30:35.092Z] 🔍 Analyzing connections for 'firstSuperuserPassword'...
[2026-02-05T15:30:35.108Z] ✓ Calls: 1, Used by: 0, Imports: 8
[2026-02-05T15:30:35.108Z] 🔍 Analyzing connections for 'service'...
[2026-02-05T15:30:35.124Z] ✓ Calls: 0, Used by: 0, Imports: 0
[2026-02-05T15:30:35.124Z] 🔍 Analyzing connections for 'handleApiError'...
[2026-02-05T15:30:35.141Z] ✓ Calls: 0, Used by: 0, Imports: 0
[2026-02-05T15:30:35.141Z] 🔍 Analyzing connections for 'Register'...
[2026-02-05T15:30:35.157Z] ✓ Calls: 0, Used by: 0, Imports: 5
[2026-02-05T15:30:35.157Z] 🔍 Analyzing connections for 'queryClient'...
[2026-02-05T15:30:35.173Z] ✓ Calls: 0, Used by: 0, Imports: 0
[2026-02-05T15:30:35.173Z] 🔍 Analyzing connections for 'router'...
[2026-02-05T15:30:35.190Z] ✓ Calls: 0, Used by: 0, Imports: 39
[2026-02-05T15:30:35.190Z] 🔍 Analyzing connections for 'extractErrorMessage'...
[2026-02-05T15:30:35.207Z] ✓ Calls: 0, Used by: 1, Imports: 0
[2026-02-05T15:30:35.207Z] 🔍 Analyzing connections for 'handleError'...
[2026-02-05T15:30:35.224Z] ✓ Calls: 1, Used by: 0, Imports: 24
[2026-02-05T15:30:35.224Z] 🔍 Analyzing connections for 'getInitials'...
[2026-02-05T15:30:35.240Z] ✓ Calls: 0, Used by: 0, Imports: 2
[2026-02-05T15:30:35.240Z] 🔍 Analyzing connections for 'errDetail'...
[2026-02-05T15:30:35.257Z] ✓ Calls: 0, Used by: 0, Imports: 0
[2026-02-05T15:30:35.257Z] 🔍 Analyzing connections for 'errorMessage'...
[2026-02-05T15:30:35.274Z] ✓ Calls: 1, Used by: 0, Imports: 0
[2026-02-05T15:30:35.274Z] 🔍 Analyzing connections for 'Main'...
[2026-02-05T15:30:35.292Z] ✓ Calls: 1, Used by: 0, Imports: 2
[2026-02-05T15:30:35.292Z] 🔍 Analyzing connections for 'handleMenuClick'...
[2026-02-05T15:30:35.308Z] ✓ Calls: 0, Used by: 0, Imports: 0
[2026-02-05T15:30:35.309Z] 🔍 Analyzing connections for 'Item'...
[2026-02-05T15:30:35.325Z] ✓ Calls: 0, Used by: 0, Imports: 77
[2026-02-05T15:30:35.325Z] 🔍 Analyzing connections for 'MainProps'...
[2026-02-05T15:30:35.342Z] ✓ Calls: 0, Used by: 0, Imports: 0
[2026-02-05T15:30:35.342Z] 🔍 Analyzing connections for '{ isMobile, setOpenMobile }'...
[2026-02-05T15:30:35.359Z] ✓ Calls: 1, Used by: 0, Imports: 0
[2026-02-05T15:30:35.359Z] 🔍 Analyzing connections for 'router'...
[2026-02-05T15:30:35.375Z] ✓ Calls: 0, Used by: 0, Imports: 39
[2026-02-05T15:30:35.375Z] 🔍 Analyzing connections for 'currentPath'...
[2026-02-05T15:30:35.392Z] ✓ Calls: 0, Used by: 0, Imports: 0
[2026-02-05T15:30:35.392Z] 🔍 Analyzing connections for 'isActive'...
[2026-02-05T15:30:35.408Z] ✓ Calls: 0, Used by: 0, Imports: 0
[2026-02-05T15:30:35.408Z] 🔍 Analyzing connections for 'handleMenuClick'...
[2026-02-05T15:30:35.424Z] ✓ Calls: 0, Used by: 0, Imports: 0
[2026-02-05T15:30:35.424Z] 🔍 Analyzing connections for 'handleLogout'...
[2026-02-05T15:30:35.441Z] ✓ Calls: 1, Used by: 0, Imports: 0
[2026-02-05T15:30:35.441Z] 🔍 Analyzing connections for 'UserInfoProps'...
[2026-02-05T15:30:35.457Z] ✓ Calls: 0, Used by: 0, Imports: 0
[2026-02-05T15:30:35.457Z] 🔍 Analyzing connections for '{ logout }'...
[2026-02-05T15:30:35.474Z] ✓ Calls: 1, Used by: 0, Imports: 0
[2026-02-05T15:30:35.475Z] 🔍 Analyzing connections for '{ isMobile, setOpenMobile }'...
[2026-02-05T15:30:35.491Z] ✓ Calls: 1, Used by: 0, Imports: 0
[2026-02-05T15:30:35.491Z] 🔍 Analyzing connections for 'AppSidebar'...
[2026-02-05T15:30:35.510Z] ✓ Calls: 1, Used by: 0, Imports: 2
[2026-02-05T15:30:35.510Z] 🔍 Analyzing connections for 'baseItems'...
[2026-02-05T15:30:35.527Z] ✓ Calls: 0, Used by: 0, Imports: 0
[2026-02-05T15:30:35.527Z] 🔍 Analyzing connections for '{ user: currentUser }'...
[2026-02-05T15:30:35.549Z] ✓ Calls: 1, Used by: 0, Imports: 0
[2026-02-05T15:30:35.550Z] 🔍 Analyzing connections for 'items'...
[2026-02-05T15:30:35.574Z] ✓ Calls: 0, Used by: 0, Imports: 3
[2026-02-05T15:30:35.574Z] 🔍 Analyzing connections for 'ThemeProvider'...
[2026-02-05T15:30:35.593Z] ✓ Calls: 3, Used by: 0, Imports: 2
[2026-02-05T15:30:35.594Z] 🔍 Analyzing connections for 'handleChange'...
[2026-02-05T15:30:35.611Z] ✓ Calls: 1, Used by: 0, Imports: 0
[2026-02-05T15:30:35.611Z] 🔍 Analyzing connections for 'useTheme'...
[2026-02-05T15:30:35.628Z] ✓ Calls: 0, Used by: 4, Imports: 6
[2026-02-05T15:30:35.628Z] 🔍 Analyzing connections for 'Theme'...
[2026-02-05T15:30:35.645Z] ✓ Calls: 0, Used by: 0, Imports: 8
[2026-02-05T15:30:35.645Z] 🔍 Analyzing connections for 'ThemeProviderProps'...
[2026-02-05T15:30:35.661Z] ✓ Calls: 0, Used by: 0, Imports: 0
[2026-02-05T15:30:35.661Z] 🔍 Analyzing connections for 'ThemeProviderState'...
[2026-02-05T15:30:35.678Z] ✓ Calls: 0, Used by: 0, Imports: 0
[2026-02-05T15:30:35.678Z] 🔍 Analyzing connections for 'initialState'...
[2026-02-05T15:30:35.694Z] ✓ Calls: 0, Used by: 0, Imports: 0
[2026-02-05T15:30:35.694Z] 🔍 Analyzing connections for 'ThemeProviderContext'...
[2026-02-05T15:30:35.711Z] ✓ Calls: 0, Used by: 0, Imports: 0
[2026-02-05T15:30:35.712Z] 🔍 Analyzing connections for '[theme, setTheme]'...
[2026-02-05T15:30:35.728Z] ✓ Calls: 0, Used by: 0, Imports: 0
[2026-02-05T15:30:35.728Z] 🔍 Analyzing connections for 'getResolvedTheme'...
[2026-02-05T15:30:35.745Z] ✓ Calls: 0, Used by: 3, Imports: 0
[2026-02-05T15:30:35.745Z] 🔍 Analyzing connections for '[resolvedTheme, setResolvedTheme]'...
[2026-02-05T15:30:35.761Z] ✓ Calls: 1, Used by: 0, Imports: 0
[2026-02-05T15:30:35.761Z] 🔍 Analyzing connections for 'updateTheme'...
[2026-02-05T15:30:35.778Z] ✓ Calls: 0, Used by: 2, Imports: 0
[2026-02-05T15:30:35.778Z] 🔍 Analyzing connections for 'root'...
[2026-02-05T15:30:35.795Z] ✓ Calls: 0, Used by: 0, Imports: 2
[2026-02-05T15:30:35.795Z] 🔍 Analyzing connections for 'systemTheme'...
[2026-02-05T15:30:35.812Z] ✓ Calls: 0, Used by: 0, Imports: 0
[2026-02-05T15:30:35.812Z] 🔍 Analyzing connections for 'mediaQuery'...
[2026-02-05T15:30:35.829Z] ✓ Calls: 0, Used by: 0, Imports: 0
[2026-02-05T15:30:35.830Z] 🔍 Analyzing connections for 'value'...
[2026-02-05T15:30:35.846Z] ✓ Calls: 0, Used by: 1, Imports: 0
[2026-02-05T15:30:35.846Z] 🔍 Analyzing connections for 'context'...
[2026-02-05T15:30:35.867Z] ✓ Calls: 0, Used by: 0, Imports: 1
[2026-02-05T15:30:35.868Z] 🔍 Analyzing connections for 'Pagination'...
[2026-02-05T15:30:35.886Z] ✓ Calls: 0, Used by: 0, Imports: 2
[2026-02-05T15:30:35.886Z] 🔍 Analyzing connections for 'cn'...
[2026-02-05T15:30:35.904Z] ✓ Calls: 0, Used by: 1, Imports: 54
[2026-02-05T15:30:35.904Z] 🔍 Analyzing connections for 'cn'...
[2026-02-05T15:30:35.921Z] ✓ Calls: 1, Used by: 1, Imports: 54
[2026-02-05T15:30:35.921Z] 🔍 Analyzing connections for 'cn'...
[2026-02-05T15:30:35.938Z] ✓ Calls: 0, Used by: 1, Imports: 54
[2026-02-05T15:30:35.938Z] 🔍 Analyzing connections for 'PaginationNext'...
[2026-02-05T15:30:35.954Z] ✓ Calls: 0, Used by: 0, Imports: 0
[2026-02-05T15:30:35.954Z] 🔍 Analyzing connections for 'cn'...
[2026-02-05T15:30:35.971Z] ✓ Calls: 0, Used by: 1, Imports: 54
[2026-02-05T15:30:35.971Z] 🔍 Analyzing connections for 'PaginationEllipsis'...
[2026-02-05T15:30:35.988Z] ✓ Calls: 0, Used by: 0, Imports: 0
[2026-02-05T15:30:35.988Z] 🔍 Analyzing connections for 'cn'...
[2026-02-05T15:30:36.006Z] ✓ Calls: 0, Used by: 1, Imports: 54
[2026-02-05T15:30:36.006Z] 🔍 Analyzing connections for 'Tabs'...
[2026-02-05T15:30:36.023Z] ✓ Calls: 0, Used by: 0, Imports: 4
[2026-02-05T15:30:36.023Z] 🔍 Analyzing connections for 'TabsList'...
[2026-02-05T15:30:36.040Z] ✓ Calls: 0, Used by: 0, Imports: 2
[2026-02-05T15:30:36.041Z] 🔍 Analyzing connections for 'TabsTrigger'...
[2026-02-05T15:30:36.058Z] ✓ Calls: 0, Used by: 0, Imports: 2
[2026-02-05T15:30:36.058Z] 🔍 Analyzing connections for 'ButtonGroup'...
[2026-02-05T15:30:36.075Z] ✓ Calls: 0, Used by: 0, Imports: 0
[2026-02-05T15:30:36.075Z] 🔍 Analyzing connections for 'cn'...
[2026-02-05T15:30:36.092Z] ✓ Calls: 0, Used by: 1, Imports: 54
[2026-02-05T15:30:36.092Z] 🔍 Analyzing connections for 'buttonGroupVariants'...
[2026-02-05T15:30:36.109Z] ✓ Calls: 0, Used by: 1, Imports: 0
[2026-02-05T15:30:36.109Z] 🔍 Analyzing connections for 'Comp'...
[2026-02-05T15:30:36.127Z] ✓ Calls: 0, Used by: 0, Imports: 2
[2026-02-05T15:30:36.127Z] 🔍 Analyzing connections for 'cn'...
[2026-02-05T15:30:36.144Z] ✓ Calls: 0, Used by: 1, Imports: 54
[2026-02-05T15:30:36.144Z] 🔍 Analyzing connections for 'cn'...
[2026-02-05T15:30:36.161Z] ✓ Calls: 0, Used by: 1, Imports: 54
[2026-02-05T15:30:36.161Z] 🔍 Analyzing connections for 'cn'...
[2026-02-05T15:30:36.180Z] ✓ Calls: 0, Used by: 1, Imports: 54
[2026-02-05T15:30:36.180Z] 🔍 Analyzing connections for 'cn'...
[2026-02-05T15:30:36.197Z] ✓ Calls: 0, Used by: 1, Imports: 54
[2026-02-05T15:30:36.197Z] 🔍 Analyzing connections for 'cn'...
[2026-02-05T15:30:36.214Z] ✓ Calls: 0, Used by: 1, Imports: 54
[2026-02-05T15:30:36.214Z] 🔍 Analyzing connections for 'cn'...
[2026-02-05T15:30:36.231Z] ✓ Calls: 0, Used by: 1, Imports: 54
[2026-02-05T15:30:36.231Z] 🔍 Analyzing connections for 'Sheet'...
[2026-02-05T15:30:36.249Z] ✓ Calls: 0, Used by: 0, Imports: 4
[2026-02-05T15:30:36.249Z] 🔍 Analyzing connections for 'SheetTrigger'...
[2026-02-05T15:30:36.267Z] ✓ Calls: 0, Used by: 0, Imports: 0
[2026-02-05T15:30:36.267Z] 🔍 Analyzing connections for 'SheetClose'...
[2026-02-05T15:30:36.285Z] ✓ Calls: 0, Used by: 0, Imports: 0
[2026-02-05T15:30:36.285Z] 🔍 Analyzing connections for 'SheetPortal'...
[2026-02-05T15:30:36.300Z] ✓ Calls: 0, Used by: 0, Imports: 0
[2026-02-05T15:30:36.300Z] 🔍 Analyzing connections for 'SheetOverlay'...
[2026-02-05T15:30:36.317Z] ✓ Calls: 0, Used by: 0, Imports: 0
[2026-02-05T15:30:36.317Z] 🔍 Analyzing connections for 'cn'...
[2026-02-05T15:30:36.335Z] ✓ Calls: 0, Used by: 1, Imports: 54
[2026-02-05T15:30:36.335Z] 🔍 Analyzing connections for 'cn'...
[2026-02-05T15:30:36.351Z] ✓ Calls: 0, Used by: 1, Imports: 54
[2026-02-05T15:30:36.351Z] 🔍 Analyzing connections for 'cn'...
[2026-02-05T15:30:36.367Z] ✓ Calls: 0, Used by: 1, Imports: 54
[2026-02-05T15:30:36.367Z] 🔍 Analyzing connections for 'Label'...
[2026-02-05T15:30:36.383Z] ✓ Calls: 0, Used by: 0, Imports: 28
[2026-02-05T15:30:36.383Z] 🔍 Analyzing connections for '{ theme = "system" }'...
[2026-02-05T15:30:36.400Z] ✓ Calls: 1, Used by: 0, Imports: 0
[2026-02-05T15:30:36.400Z] 🔍 Analyzing connections for 'TooltipContent'...
[2026-02-05T15:30:36.416Z] ✓ Calls: 0, Used by: 0, Imports: 2
[2026-02-05T15:30:36.416Z] 🔍 Analyzing connections for 'cn'...
[2026-02-05T15:30:36.434Z] ✓ Calls: 0, Used by: 1, Imports: 54
[2026-02-05T15:30:36.434Z] 🔍 Analyzing connections for 'cn'...
[2026-02-05T15:30:36.452Z] ✓ Calls: 0, Used by: 1, Imports: 54
[2026-02-05T15:30:36.452Z] 🔍 Analyzing connections for 'cn'...
[2026-02-05T15:30:36.470Z] ✓ Calls: 0, Used by: 1, Imports: 54
[2026-02-05T15:30:36.470Z] 🔍 Analyzing connections for 'alertVariants'...
[2026-02-05T15:30:36.489Z] ✓ Calls: 0, Used by: 1, Imports: 0
[2026-02-05T15:30:36.489Z] 🔍 Analyzing connections for 'PasswordInputProps'...
[2026-02-05T15:30:36.507Z] ✓ Calls: 0, Used by: 0, Imports: 0
[2026-02-05T15:30:36.507Z] 🔍 Analyzing connections for '[showPassword, setShowPassword]'...
[2026-02-05T15:30:36.525Z] ✓ Calls: 0, Used by: 0, Imports: 0
[2026-02-05T15:30:36.525Z] 🔍 Analyzing connections for 'LoadingButton'...
[2026-02-05T15:30:36.541Z] ✓ Calls: 0, Used by: 0, Imports: 26
[2026-02-05T15:30:36.541Z] 🔍 Analyzing connections for 'ButtonProps'...
[2026-02-05T15:30:36.558Z] ✓ Calls: 0, Used by: 0, Imports: 0
[2026-02-05T15:30:36.558Z] 🔍 Analyzing connections for 'buttonVariants'...
[2026-02-05T15:30:36.575Z] ✓ Calls: 0, Used by: 3, Imports: 2
[2026-02-05T15:30:36.575Z] 🔍 Analyzing connections for 'Comp'...
[2026-02-05T15:30:36.592Z] ✓ Calls: 0, Used by: 0, Imports: 2
[2026-02-05T15:30:36.592Z] 🔍 Analyzing connections for 'Avatar'...
[2026-02-05T15:30:36.609Z] ✓ Calls: 0, Used by: 0, Imports: 4
[2026-02-05T15:30:36.609Z] 🔍 Analyzing connections for 'AvatarImage'...
[2026-02-05T15:30:36.626Z] ✓ Calls: 0, Used by: 0, Imports: 0
[2026-02-05T15:30:36.626Z] 🔍 Analyzing connections for 'AvatarFallback'...
[2026-02-05T15:30:36.643Z] ✓ Calls: 0, Used by: 0, Imports: 2
[2026-02-05T15:30:36.643Z] 🔍 Analyzing connections for 'Dialog'...
[2026-02-05T15:30:36.661Z] ✓ Calls: 0, Used by: 0, Imports: 16
[2026-02-05T15:30:36.661Z] 🔍 Analyzing connections for 'DialogTrigger'...
[2026-02-05T15:30:36.677Z] ✓ Calls: 0, Used by: 0, Imports: 6
[2026-02-05T15:30:36.677Z] 🔍 Analyzing connections for 'DialogPortal'...
[2026-02-05T15:30:36.694Z] ✓ Calls: 0, Used by: 0, Imports: 0
[2026-02-05T15:30:36.695Z] 🔍 Analyzing connections for 'DialogClose'...
[2026-02-05T15:30:36.710Z] ✓ Calls: 0, Used by: 0, Imports: 14
[2026-02-05T15:30:36.711Z] 🔍 Analyzing connections for 'cn'...
[2026-02-05T15:30:36.727Z] ✓ Calls: 0, Used by: 1, Imports: 54
[2026-02-05T15:30:36.727Z] 🔍 Analyzing connections for 'cn'...
[2026-02-05T15:30:36.743Z] ✓ Calls: 0, Used by: 1, Imports: 54
[2026-02-05T15:30:36.743Z] 🔍 Analyzing connections for 'cn'...
[2026-02-05T15:30:36.759Z] ✓ Calls: 0, Used by: 1, Imports: 54
[2026-02-05T15:30:36.759Z] 🔍 Analyzing connections for 'DialogDescription'...
[2026-02-05T15:30:36.775Z] ✓ Calls: 0, Used by: 0, Imports: 14
[2026-02-05T15:30:36.775Z] 🔍 Analyzing connections for 'Badge'...
[2026-02-05T15:30:36.791Z] ✓ Calls: 0, Used by: 0, Imports: 2
[2026-02-05T15:30:36.791Z] 🔍 Analyzing connections for 'cn'...
[2026-02-05T15:30:36.808Z] ✓ Calls: 0, Used by: 1, Imports: 54
[2026-02-05T15:30:36.808Z] 🔍 Analyzing connections for 'badgeVariants'...
[2026-02-05T15:30:36.825Z] ✓ Calls: 0, Used by: 1, Imports: 0
[2026-02-05T15:30:36.825Z] 🔍 Analyzing connections for 'Comp'...
[2026-02-05T15:30:36.842Z] ✓ Calls: 0, Used by: 0, Imports: 2
[2026-02-05T15:30:36.842Z] 🔍 Analyzing connections for 'useSidebar'...
[2026-02-05T15:30:36.860Z] ✓ Calls: 0, Used by: 7, Imports: 6
[2026-02-05T15:30:36.860Z] 🔍 Analyzing connections for 'getInitialOpen'...
[2026-02-05T15:30:36.877Z] ✓ Calls: 0, Used by: 0, Imports: 0
[2026-02-05T15:30:36.877Z] 🔍 Analyzing connections for 'handleKeyDown'...
[2026-02-05T15:30:36.894Z] ✓ Calls: 1, Used by: 0, Imports: 0
[2026-02-05T15:30:36.894Z] 🔍 Analyzing connections for 'cn'...
[2026-02-05T15:30:36.911Z] ✓ Calls: 0, Used by: 1, Imports: 54
[2026-02-05T15:30:36.911Z] 🔍 Analyzing connections for 'cn'...
[2026-02-05T15:30:36.928Z] ✓ Calls: 0, Used by: 1, Imports: 54
[2026-02-05T15:30:36.928Z] 🔍 Analyzing connections for 'cn'...
[2026-02-05T15:30:36.945Z] ✓ Calls: 0, Used by: 1, Imports: 54
[2026-02-05T15:30:36.945Z] 🔍 Analyzing connections for 'cn'...
[2026-02-05T15:30:36.962Z] ✓ Calls: 0, Used by: 1, Imports: 54
[2026-02-05T15:30:36.962Z] 🔍 Analyzing connections for 'cn'...
[2026-02-05T15:30:36.979Z] ✓ Calls: 0, Used by: 1, Imports: 54
[2026-02-05T15:30:36.979Z] 🔍 Analyzing connections for 'cn'...
[2026-02-05T15:30:36.996Z] ✓ Calls: 0, Used by: 1, Imports: 54
[2026-02-05T15:30:36.996Z] 🔍 Analyzing connections for 'cn'...
[2026-02-05T15:30:37.013Z] ✓ Calls: 0, Used by: 1, Imports: 54
[2026-02-05T15:30:37.013Z] 🔍 Analyzing connections for 'cn'...
[2026-02-05T15:30:37.030Z] ✓ Calls: 0, Used by: 1, Imports: 54
[2026-02-05T15:30:37.030Z] 🔍 Analyzing connections for 'cn'...
[2026-02-05T15:30:37.047Z] ✓ Calls: 0, Used by: 1, Imports: 54
[2026-02-05T15:30:37.047Z] 🔍 Analyzing connections for 'cn'...
[2026-02-05T15:30:37.064Z] ✓ Calls: 0, Used by: 1, Imports: 54
[2026-02-05T15:30:37.064Z] 🔍 Analyzing connections for 'cn'...
[2026-02-05T15:30:37.081Z] ✓ Calls: 0, Used by: 1, Imports: 54
[2026-02-05T15:30:37.081Z] 🔍 Analyzing connections for 'cn'...
[2026-02-05T15:30:37.099Z] ✓ Calls: 0, Used by: 1, Imports: 54
[2026-02-05T15:30:37.099Z] 🔍 Analyzing connections for 'cn'...
[2026-02-05T15:30:37.115Z] ✓ Calls: 0, Used by: 1, Imports: 54
[2026-02-05T15:30:37.115Z] 🔍 Analyzing connections for 'cn'...
[2026-02-05T15:30:37.132Z] ✓ Calls: 0, Used by: 1, Imports: 54
[2026-02-05T15:30:37.132Z] 🔍 Analyzing connections for 'cn'...
[2026-02-05T15:30:37.149Z] ✓ Calls: 0, Used by: 1, Imports: 54
[2026-02-05T15:30:37.149Z] 🔍 Analyzing connections for 'cn'...
[2026-02-05T15:30:37.166Z] ✓ Calls: 0, Used by: 1, Imports: 54
[2026-02-05T15:30:37.166Z] 🔍 Analyzing connections for 'cn'...
[2026-02-05T15:30:37.183Z] ✓ Calls: 0, Used by: 1, Imports: 54
[2026-02-05T15:30:37.183Z] 🔍 Analyzing connections for 'cn'...
[2026-02-05T15:30:37.202Z] ✓ Calls: 0, Used by: 1, Imports: 54
[2026-02-05T15:30:37.202Z] 🔍 Analyzing connections for 'cn'...
[2026-02-05T15:30:37.221Z] ✓ Calls: 0, Used by: 1, Imports: 54
[2026-02-05T15:30:37.221Z] 🔍 Analyzing connections for 'cn'...
[2026-02-05T15:30:37.240Z] ✓ Calls: 0, Used by: 1, Imports: 54
[2026-02-05T15:30:37.240Z] 🔍 Analyzing connections for 'cn'...
[2026-02-05T15:30:37.259Z] ✓ Calls: 0, Used by: 1, Imports: 54
[2026-02-05T15:30:37.259Z] 🔍 Analyzing connections for 'cn'...
[2026-02-05T15:30:37.278Z] ✓ Calls: 0, Used by: 1, Imports: 54
[2026-02-05T15:30:37.278Z] 🔍 Analyzing connections for 'cn'...
[2026-02-05T15:30:37.297Z] ✓ Calls: 0, Used by: 1, Imports: 54
[2026-02-05T15:30:37.297Z] 🔍 Analyzing connections for 'SidebarContextProps'...
[2026-02-05T15:30:37.314Z] ✓ Calls: 0, Used by: 0, Imports: 0
[2026-02-05T15:30:37.314Z] 🔍 Analyzing connections for 'SIDEBAR_COOKIE_NAME'...
[2026-02-05T15:30:37.332Z] ✓ Calls: 0, Used by: 0, Imports: 0
[2026-02-05T15:30:37.332Z] 🔍 Analyzing connections for 'SIDEBAR_COOKIE_MAX_AGE'...
[2026-02-05T15:30:37.351Z] ✓ Calls: 0, Used by: 0, Imports: 0
[2026-02-05T15:30:37.351Z] 🔍 Analyzing connections for 'SIDEBAR_WIDTH'...
[2026-02-05T15:30:37.368Z] ✓ Calls: 0, Used by: 0, Imports: 0
[2026-02-05T15:30:37.368Z] 🔍 Analyzing connections for 'SIDEBAR_WIDTH_MOBILE'...
[2026-02-05T15:30:37.385Z] ✓ Calls: 0, Used by: 0, Imports: 0
[2026-02-05T15:30:37.385Z] 🔍 Analyzing connections for 'SIDEBAR_WIDTH_ICON'...
[2026-02-05T15:30:37.403Z] ✓ Calls: 0, Used by: 0, Imports: 0
[2026-02-05T15:30:37.403Z] 🔍 Analyzing connections for 'SIDEBAR_KEYBOARD_SHORTCUT'...
[2026-02-05T15:30:37.419Z] ✓ Calls: 0, Used by: 0, Imports: 0
[2026-02-05T15:30:37.419Z] 🔍 Analyzing connections for 'SidebarContext'...
[2026-02-05T15:30:37.437Z] ✓ Calls: 0, Used by: 0, Imports: 0
[2026-02-05T15:30:37.437Z] 🔍 Analyzing connections for 'context'...
[2026-02-05T15:30:37.455Z] ✓ Calls: 0, Used by: 0, Imports: 1
[2026-02-05T15:30:37.455Z] 🔍 Analyzing connections for 'isMobile'...
[2026-02-05T15:30:37.473Z] ✓ Calls: 1, Used by: 0, Imports: 0
[2026-02-05T15:30:37.473Z] 🔍 Analyzing connections for '[openMobile, setOpenMobile]'...
[2026-02-05T15:30:37.491Z] ✓ Calls: 0, Used by: 0, Imports: 0
[2026-02-05T15:30:37.491Z] 🔍 Analyzing connections for 'cookie'...
[2026-02-05T15:30:37.509Z] ✓ Calls: 0, Used by: 0, Imports: 0
[2026-02-05T15:30:37.509Z] 🔍 Analyzing connections for '[_open, _setOpen]'...
[2026-02-05T15:30:37.527Z] ✓ Calls: 0, Used by: 0, Imports: 0
[2026-02-05T15:30:37.527Z] 🔍 Analyzing connections for 'open'...
[2026-02-05T15:30:37.544Z] ✓ Calls: 0, Used by: 0, Imports: 2
[2026-02-05T15:30:37.544Z] 🔍 Analyzing connections for 'setOpen'...
[2026-02-05T15:30:37.562Z] ✓ Calls: 1, Used by: 1, Imports: 0
[2026-02-05T15:30:37.562Z] 🔍 Analyzing connections for 'openState'...
[2026-02-05T15:30:37.579Z] ✓ Calls: 1, Used by: 0, Imports: 0
[2026-02-05T15:30:37.579Z] 🔍 Analyzing connections for 'toggleSidebar'...
[2026-02-05T15:30:37.597Z] ✓ Calls: 0, Used by: 1, Imports: 0
[2026-02-05T15:30:37.597Z] 🔍 Analyzing connections for 'state'...
[2026-02-05T15:30:37.615Z] ✓ Calls: 0, Used by: 0, Imports: 0
[2026-02-05T15:30:37.615Z] 🔍 Analyzing connections for 'contextValue'...
[2026-02-05T15:30:37.634Z] ✓ Calls: 0, Used by: 0, Imports: 0
[2026-02-05T15:30:37.634Z] 🔍 Analyzing connections for '{ isMobile, state, openMobile, setOpenMobile }'...
[2026-02-05T15:30:37.651Z] ✓ Calls: 1, Used by: 0, Imports: 0
[2026-02-05T15:30:37.651Z] 🔍 Analyzing connections for '{ toggleSidebar, open }'...
[2026-02-05T15:30:37.668Z] ✓ Calls: 1, Used by: 0, Imports: 0
[2026-02-05T15:30:37.668Z] 🔍 Analyzing connections for 'sidebarCopy'...
[2026-02-05T15:30:37.686Z] ✓ Calls: 0, Used by: 0, Imports: 0
[2026-02-05T15:30:37.686Z] 🔍 Analyzing connections for '{ toggleSidebar }'...
[2026-02-05T15:30:37.704Z] ✓ Calls: 1, Used by: 0, Imports: 0
[2026-02-05T15:30:37.704Z] 🔍 Analyzing connections for 'Comp'...
[2026-02-05T15:30:37.722Z] ✓ Calls: 0, Used by: 0, Imports: 2
[2026-02-05T15:30:37.722Z] 🔍 Analyzing connections for 'Comp'...
[2026-02-05T15:30:37.739Z] ✓ Calls: 0, Used by: 0, Imports: 2
[2026-02-05T15:30:37.739Z] 🔍 Analyzing connections for 'Comp'...
[2026-02-05T15:30:37.755Z] ✓ Calls: 0, Used by: 0, Imports: 2
[2026-02-05T15:30:37.755Z] 🔍 Analyzing connections for '{ isMobile, state }'...
[2026-02-05T15:30:37.772Z] ✓ Calls: 1, Used by: 0, Imports: 0
[2026-02-05T15:30:37.772Z] 🔍 Analyzing connections for 'button'...
[2026-02-05T15:30:37.789Z] ✓ Calls: 0, Used by: 0, Imports: 62
[2026-02-05T15:30:37.789Z] 🔍 Analyzing connections for 'Comp'...
[2026-02-05T15:30:37.806Z] ✓ Calls: 0, Used by: 0, Imports: 2
[2026-02-05T15:30:37.806Z] 🔍 Analyzing connections for 'width'...
[2026-02-05T15:30:37.823Z] ✓ Calls: 0, Used by: 0, Imports: 0
[2026-02-05T15:30:37.823Z] 🔍 Analyzing connections for 'Comp'...
[2026-02-05T15:30:37.841Z] ✓ Calls: 0, Used by: 0, Imports: 2
[2026-02-05T15:30:37.841Z] 🔍 Analyzing connections for 'cn'...
[2026-02-05T15:30:37.858Z] ✓ Calls: 0, Used by: 1, Imports: 54
[2026-02-05T15:30:37.858Z] 🔍 Analyzing connections for 'cn'...
[2026-02-05T15:30:37.875Z] ✓ Calls: 0, Used by: 1, Imports: 54
[2026-02-05T15:30:37.875Z] 🔍 Analyzing connections for 'cn'...
[2026-02-05T15:30:37.892Z] ✓ Calls: 0, Used by: 1, Imports: 54
[2026-02-05T15:30:37.892Z] 🔍 Analyzing connections for 'cn'...
[2026-02-05T15:30:37.909Z] ✓ Calls: 0, Used by: 1, Imports: 54
[2026-02-05T15:30:37.910Z] 🔍 Analyzing connections for 'cn'...
[2026-02-05T15:30:37.927Z] ✓ Calls: 0, Used by: 1, Imports: 54
[2026-02-05T15:30:37.927Z] 🔍 Analyzing connections for 'cn'...
[2026-02-05T15:30:37.943Z] ✓ Calls: 0, Used by: 1, Imports: 54
[2026-02-05T15:30:37.943Z] 🔍 Analyzing connections for 'cn'...
[2026-02-05T15:30:37.959Z] ✓ Calls: 0, Used by: 1, Imports: 54
[2026-02-05T15:30:37.959Z] 🔍 Analyzing connections for 'cn'...
[2026-02-05T15:30:37.976Z] ✓ Calls: 0, Used by: 1, Imports: 54
[2026-02-05T15:30:37.976Z] 🔍 Analyzing connections for 'Separator'...
[2026-02-05T15:30:37.991Z] ✓ Calls: 0, Used by: 0, Imports: 8
[2026-02-05T15:30:37.992Z] 🔍 Analyzing connections for 'cn'...
[2026-02-05T15:30:38.008Z] ✓ Calls: 0, Used by: 1, Imports: 54
[2026-02-05T15:30:38.008Z] 🔍 Analyzing connections for 'buttonVariants'...
[2026-02-05T15:30:38.025Z] ✓ Calls: 0, Used by: 3, Imports: 2
[2026-02-05T15:30:38.025Z] 🔍 Analyzing connections for 'Comp'...
[2026-02-05T15:30:38.041Z] ✓ Calls: 0, Used by: 0, Imports: 2
[2026-02-05T15:30:38.042Z] 🔍 Analyzing connections for 'Checkbox'...
[2026-02-05T15:30:38.058Z] ✓ Calls: 0, Used by: 0, Imports: 6
[2026-02-05T15:30:38.058Z] 🔍 Analyzing connections for 'DropdownMenu'...
[2026-02-05T15:30:38.076Z] ✓ Calls: 0, Used by: 0, Imports: 18
[2026-02-05T15:30:38.076Z] 🔍 Analyzing connections for 'cn'...
[2026-02-05T15:30:38.093Z] ✓ Calls: 0, Used by: 1, Imports: 54
[2026-02-05T15:30:38.093Z] 🔍 Analyzing connections for 'cn'...
[2026-02-05T15:30:38.110Z] ✓ Calls: 0, Used by: 1, Imports: 54
[2026-02-05T15:30:38.110Z] 🔍 Analyzing connections for 'cn'...
[2026-02-05T15:30:38.126Z] ✓ Calls: 0, Used by: 1, Imports: 54
[2026-02-05T15:30:38.126Z] 🔍 Analyzing connections for 'DropdownMenuSubContent'...
[2026-02-05T15:30:38.143Z] ✓ Calls: 0, Used by: 0, Imports: 0
[2026-02-05T15:30:38.143Z] 🔍 Analyzing connections for 'Select'...
[2026-02-05T15:30:38.159Z] ✓ Calls: 0, Used by: 0, Imports: 4
[2026-02-05T15:30:38.159Z] 🔍 Analyzing connections for 'SelectGroup'...
[2026-02-05T15:30:38.174Z] ✓ Calls: 0, Used by: 0, Imports: 0
[2026-02-05T15:30:38.175Z] 🔍 Analyzing connections for 'SelectValue'...
[2026-02-05T15:30:38.191Z] ✓ Calls: 0, Used by: 0, Imports: 2
[2026-02-05T15:30:38.191Z] 🔍 Analyzing connections for 'SelectTrigger'...
[2026-02-05T15:30:38.207Z] ✓ Calls: 0, Used by: 0, Imports: 2
[2026-02-05T15:30:38.207Z] 🔍 Analyzing connections for 'cn'...
[2026-02-05T15:30:38.223Z] ✓ Calls: 0, Used by: 1, Imports: 54
[2026-02-05T15:30:38.223Z] 🔍 Analyzing connections for 'SelectLabel'...
[2026-02-05T15:30:38.239Z] ✓ Calls: 0, Used by: 0, Imports: 0
[2026-02-05T15:30:38.239Z] 🔍 Analyzing connections for 'SelectItem'...
[2026-02-05T15:30:38.255Z] ✓ Calls: 0, Used by: 0, Imports: 2
[2026-02-05T15:30:38.255Z] 🔍 Analyzing connections for 'SelectSeparator'...
[2026-02-05T15:30:38.271Z] ✓ Calls: 0, Used by: 0, Imports: 0
[2026-02-05T15:30:38.271Z] 🔍 Analyzing connections for 'SelectScrollUpButton'...
[2026-02-05T15:30:38.288Z] ✓ Calls: 0, Used by: 0, Imports: 0
[2026-02-05T15:30:38.288Z] 🔍 Analyzing connections for 'SelectScrollDownButton'...
[2026-02-05T15:30:38.305Z] ✓ Calls: 0, Used by: 0, Imports: 0
[2026-02-05T15:30:38.305Z] 🔍 Analyzing connections for 'Input'...
[2026-02-05T15:30:38.322Z] ✓ Calls: 0, Used by: 0, Imports: 26
[2026-02-05T15:30:38.322Z] 🔍 Analyzing connections for 'Skeleton'...
[2026-02-05T15:30:38.339Z] ✓ Calls: 0, Used by: 0, Imports: 6
[2026-02-05T15:30:38.339Z] 🔍 Analyzing connections for 'cn'...
[2026-02-05T15:30:38.357Z] ✓ Calls: 0, Used by: 1, Imports: 54
[2026-02-05T15:30:38.357Z] 🔍 Analyzing connections for 'cn'...
[2026-02-05T15:30:38.373Z] ✓ Calls: 0, Used by: 1, Imports: 54
[2026-02-05T15:30:38.373Z] 🔍 Analyzing connections for 'FormControl'...
[2026-02-05T15:30:38.390Z] ✓ Calls: 0, Used by: 0, Imports: 20
[2026-02-05T15:30:38.390Z] 🔍 Analyzing connections for 'FormDescription'...
[2026-02-05T15:30:38.407Z] ✓ Calls: 0, Used by: 0, Imports: 0
[2026-02-05T15:30:38.407Z] 🔍 Analyzing connections for 'cn'...
[2026-02-05T15:30:38.424Z] ✓ Calls: 0, Used by: 1, Imports: 54
[2026-02-05T15:30:38.424Z] 🔍 Analyzing connections for 'cn'...
[2026-02-05T15:30:38.440Z] ✓ Calls: 0, Used by: 1, Imports: 54
[2026-02-05T15:30:38.440Z] 🔍 Analyzing connections for 'FormFieldContextValue'...
[2026-02-05T15:30:38.456Z] ✓ Calls: 0, Used by: 0, Imports: 0
[2026-02-05T15:30:38.456Z] 🔍 Analyzing connections for 'FormItemContextValue'...
[2026-02-05T15:30:38.472Z] ✓ Calls: 0, Used by: 0, Imports: 0
[2026-02-05T15:30:38.472Z] 🔍 Analyzing connections for 'Form'...
[2026-02-05T15:30:38.489Z] ✓ Calls: 0, Used by: 0, Imports: 49
[2026-02-05T15:30:38.489Z] 🔍 Analyzing connections for 'FormFieldContext'...
[2026-02-05T15:30:38.506Z] ✓ Calls: 0, Used by: 0, Imports: 0
[2026-02-05T15:30:38.506Z] 🔍 Analyzing connections for 'FormField'...
[2026-02-05T15:30:38.523Z] ✓ Calls: 0, Used by: 0, Imports: 20
[2026-02-05T15:30:38.523Z] 🔍 Analyzing connections for 'fieldContext'...
[2026-02-05T15:30:38.540Z] ✓ Calls: 0, Used by: 0, Imports: 0
[2026-02-05T15:30:38.540Z] 🔍 Analyzing connections for 'itemContext'...
[2026-02-05T15:30:38.556Z] ✓ Calls: 0, Used by: 0, Imports: 0
[2026-02-05T15:30:38.557Z] 🔍 Analyzing connections for '{ getFieldState }'...
[2026-02-05T15:30:38.573Z] ✓ Calls: 0, Used by: 0, Imports: 0
[2026-02-05T15:30:38.573Z] 🔍 Analyzing connections for 'formState'...
[2026-02-05T15:30:38.590Z] ✓ Calls: 0, Used by: 0, Imports: 0
[2026-02-05T15:30:38.590Z] 🔍 Analyzing connections for 'fieldState'...
[2026-02-05T15:30:38.607Z] ✓ Calls: 0, Used by: 0, Imports: 0
[2026-02-05T15:30:38.607Z] 🔍 Analyzing connections for '{ id }'...
[2026-02-05T15:30:38.625Z] ✓ Calls: 0, Used by: 0, Imports: 0
[2026-02-05T15:30:38.625Z] 🔍 Analyzing connections for 'FormItemContext'...
[2026-02-05T15:30:38.642Z] ✓ Calls: 0, Used by: 0, Imports: 0
[2026-02-05T15:30:38.642Z] 🔍 Analyzing connections for 'id'...
[2026-02-05T15:30:38.658Z] ✓ Calls: 0, Used by: 0, Imports: 89
[2026-02-05T15:30:38.658Z] 🔍 Analyzing connections for '{ error, formItemId }'...
[2026-02-05T15:30:38.675Z] ✓ Calls: 0, Used by: 0, Imports: 0
[2026-02-05T15:30:38.675Z] 🔍 Analyzing connections for '{ error, formItemId, formDescriptionId, formMessageId }'...
[2026-02-05T15:30:38.692Z] ✓ Calls: 0, Used by: 0, Imports: 0
[2026-02-05T15:30:38.692Z] 🔍 Analyzing connections for '{ formDescriptionId }'...
[2026-02-05T15:30:38.709Z] ✓ Calls: 0, Used by: 0, Imports: 0
[2026-02-05T15:30:38.709Z] 🔍 Analyzing connections for '{ error, formMessageId }'...
[2026-02-05T15:30:38.726Z] ✓ Calls: 0, Used by: 0, Imports: 0
[2026-02-05T15:30:38.726Z] 🔍 Analyzing connections for 'body'...
[2026-02-05T15:30:38.742Z] ✓ Calls: 0, Used by: 0, Imports: 0
[2026-02-05T15:30:38.742Z] 🔍 Analyzing connections for 'DeleteUser'...
[2026-02-05T15:30:38.758Z] ✓ Calls: 2, Used by: 0, Imports: 4
[2026-02-05T15:30:38.758Z] 🔍 Analyzing connections for 'deleteUser'...
[2026-02-05T15:30:38.775Z] ✓ Calls: 0, Used by: 0, Imports: 0
[2026-02-05T15:30:38.775Z] 🔍 Analyzing connections for 'onSubmit'...
[2026-02-05T15:30:38.791Z] ✓ Calls: 0, Used by: 0, Imports: 0
[2026-02-05T15:30:38.791Z] 🔍 Analyzing connections for 'DeleteUserProps'...
[2026-02-05T15:30:38.808Z] ✓ Calls: 0, Used by: 0, Imports: 0
[2026-02-05T15:30:38.808Z] 🔍 Analyzing connections for '[isOpen, setIsOpen]'...
[2026-02-05T15:30:38.825Z] ✓ Calls: 0, Used by: 0, Imports: 0
[2026-02-05T15:30:38.825Z] 🔍 Analyzing connections for 'queryClient'...
[2026-02-05T15:30:38.842Z] ✓ Calls: 0, Used by: 0, Imports: 0
[2026-02-05T15:30:38.842Z] 🔍 Analyzing connections for '{ showSuccessToast, showErrorToast }'...
[2026-02-05T15:30:38.859Z] ✓ Calls: 1, Used by: 0, Imports: 0
[2026-02-05T15:30:38.859Z] 🔍 Analyzing connections for '{ handleSubmit }'...
[2026-02-05T15:30:38.876Z] ✓ Calls: 0, Used by: 0, Imports: 0
[2026-02-05T15:30:38.876Z] 🔍 Analyzing connections for 'mutation'...
[2026-02-05T15:30:38.893Z] ✓ Calls: 1, Used by: 0, Imports: 0
[2026-02-05T15:30:38.893Z] 🔍 Analyzing connections for 'UserTableData'...
[2026-02-05T15:30:38.910Z] ✓ Calls: 0, Used by: 0, Imports: 2
[2026-02-05T15:30:38.910Z] 🔍 Analyzing connections for 'fullName'...
[2026-02-05T15:30:38.927Z] ✓ Calls: 0, Used by: 0, Imports: 0
[2026-02-05T15:30:38.927Z] 🔍 Analyzing connections for 'onSubmit'...
[2026-02-05T15:30:38.944Z] ✓ Calls: 0, Used by: 0, Imports: 0
[2026-02-05T15:30:38.944Z] 🔍 Analyzing connections for 'FormData'...
[2026-02-05T15:30:38.961Z] ✓ Calls: 0, Used by: 0, Imports: 0
[2026-02-05T15:30:38.961Z] 🔍 Analyzing connections for 'EditUserProps'...
[2026-02-05T15:30:38.978Z] ✓ Calls: 0, Used by: 0, Imports: 0
[2026-02-05T15:30:38.978Z] 🔍 Analyzing connections for 'formSchema'...
[2026-02-05T15:30:38.995Z] ✓ Calls: 0, Used by: 0, Imports: 0
[2026-02-05T15:30:38.995Z] 🔍 Analyzing connections for '[isOpen, setIsOpen]'...
[2026-02-05T15:30:39.013Z] ✓ Calls: 0, Used by: 0, Imports: 0
[2026-02-05T15:30:39.013Z] 🔍 Analyzing connections for 'queryClient'...
[2026-02-05T15:30:39.030Z] ✓ Calls: 0, Used by: 0, Imports: 0
[2026-02-05T15:30:39.030Z] 🔍 Analyzing connections for '{ showSuccessToast, showErrorToast }'...
[2026-02-05T15:30:39.047Z] ✓ Calls: 1, Used by: 0, Imports: 0
[2026-02-05T15:30:39.047Z] 🔍 Analyzing connections for 'form'...
[2026-02-05T15:30:39.064Z] ✓ Calls: 0, Used by: 0, Imports: 70
[2026-02-05T15:30:39.064Z] 🔍 Analyzing connections for 'mutation'...
[2026-02-05T15:30:39.081Z] ✓ Calls: 1, Used by: 0, Imports: 0
[2026-02-05T15:30:39.082Z] 🔍 Analyzing connections for '{ confirm_password: _, ...submitData }'...
[2026-02-05T15:30:39.099Z] ✓ Calls: 0, Used by: 0, Imports: 0
[2026-02-05T15:30:39.099Z] 🔍 Analyzing connections for 'UserActionsMenu'...
[2026-02-05T15:30:39.116Z] ✓ Calls: 1, Used by: 0, Imports: 2
[2026-02-05T15:30:39.116Z] 🔍 Analyzing connections for 'UserActionsMenuProps'...
[2026-02-05T15:30:39.133Z] ✓ Calls: 0, Used by: 0, Imports: 0
[2026-02-05T15:30:39.133Z] 🔍 Analyzing connections for '[open, setOpen]'...
[2026-02-05T15:30:39.151Z] ✓ Calls: 0, Used by: 0, Imports: 0
[2026-02-05T15:30:39.151Z] 🔍 Analyzing connections for '{ user: currentUser }'...
[2026-02-05T15:30:39.168Z] ✓ Calls: 1, Used by: 0, Imports: 0
[2026-02-05T15:30:39.168Z] 🔍 Analyzing connections for 'onSubmit'...
[2026-02-05T15:30:39.185Z] ✓ Calls: 0, Used by: 0, Imports: 0
[2026-02-05T15:30:39.185Z] 🔍 Analyzing connections for 'FormData'...
[2026-02-05T15:30:39.202Z] ✓ Calls: 0, Used by: 0, Imports: 0
[2026-02-05T15:30:39.202Z] 🔍 Analyzing connections for 'formSchema'...
[2026-02-05T15:30:39.219Z] ✓ Calls: 0, Used by: 0, Imports: 0
[2026-02-05T15:30:39.219Z] 🔍 Analyzing connections for '[isOpen, setIsOpen]'...
[2026-02-05T15:30:39.236Z] ✓ Calls: 0, Used by: 0, Imports: 0
[2026-02-05T15:30:39.236Z] 🔍 Analyzing connections for 'queryClient'...
[2026-02-05T15:30:39.252Z] ✓ Calls: 0, Used by: 0, Imports: 0
[2026-02-05T15:30:39.252Z] 🔍 Analyzing connections for '{ showSuccessToast, showErrorToast }'...
[2026-02-05T15:30:39.270Z] ✓ Calls: 1, Used by: 0, Imports: 0
[2026-02-05T15:30:39.270Z] 🔍 Analyzing connections for 'form'...
[2026-02-05T15:30:39.287Z] ✓ Calls: 0, Used by: 0, Imports: 70
[2026-02-05T15:30:39.287Z] 🔍 Analyzing connections for 'mutation'...
[2026-02-05T15:30:39.304Z] ✓ Calls: 1, Used by: 0, Imports: 0
[2026-02-05T15:30:39.304Z] 🔍 Analyzing connections for 'toggleEditMode'...
[2026-02-05T15:30:39.322Z] ✓ Calls: 0, Used by: 2, Imports: 0
[2026-02-05T15:30:39.322Z] 🔍 Analyzing connections for 'onSubmit'...
[2026-02-05T15:30:39.338Z] ✓ Calls: 0, Used by: 0, Imports: 0
[2026-02-05T15:30:39.338Z] 🔍 Analyzing connections for 'onCancel'...
[2026-02-05T15:30:39.355Z] ✓ Calls: 1, Used by: 1, Imports: 0
[2026-02-05T15:30:39.355Z] 🔍 Analyzing connections for 'cn'...
[2026-02-05T15:30:39.371Z] ✓ Calls: 0, Used by: 1, Imports: 54
[2026-02-05T15:30:39.371Z] 🔍 Analyzing connections for 'FormData'...
[2026-02-05T15:30:39.388Z] ✓ Calls: 0, Used by: 0, Imports: 0
[2026-02-05T15:30:39.388Z] 🔍 Analyzing connections for 'formSchema'...
[2026-02-05T15:30:39.405Z] ✓ Calls: 0, Used by: 0, Imports: 0
[2026-02-05T15:30:39.405Z] 🔍 Analyzing connections for 'queryClient'...
[2026-02-05T15:30:39.422Z] ✓ Calls: 0, Used by: 0, Imports: 0
[2026-02-05T15:30:39.422Z] 🔍 Analyzing connections for '{ showSuccessToast, showErrorToast }'...
[2026-02-05T15:30:39.439Z] ✓ Calls: 1, Used by: 0, Imports: 0
[2026-02-05T15:30:39.439Z] 🔍 Analyzing connections for '[editMode, setEditMode]'...
[2026-02-05T15:30:39.456Z] ✓ Calls: 0, Used by: 0, Imports: 0
[2026-02-05T15:30:39.456Z] 🔍 Analyzing connections for '{ user: currentUser }'...
[2026-02-05T15:30:39.473Z] ✓ Calls: 1, Used by: 0, Imports: 0
[2026-02-05T15:30:39.473Z] 🔍 Analyzing connections for 'form'...
[2026-02-05T15:30:39.489Z] ✓ Calls: 0, Used by: 0, Imports: 70
[2026-02-05T15:30:39.489Z] 🔍 Analyzing connections for 'mutation'...
[2026-02-05T15:30:39.506Z] ✓ Calls: 2, Used by: 0, Imports: 0
[2026-02-05T15:30:39.506Z] 🔍 Analyzing connections for 'updateData'...
[2026-02-05T15:30:39.523Z] ✓ Calls: 0, Used by: 0, Imports: 0
[2026-02-05T15:30:39.523Z] 🔍 Analyzing connections for 'onSubmit'...
[2026-02-05T15:30:39.540Z] ✓ Calls: 0, Used by: 0, Imports: 0
[2026-02-05T15:30:39.540Z] 🔍 Analyzing connections for 'FormData'...
[2026-02-05T15:30:39.558Z] ✓ Calls: 0, Used by: 0, Imports: 0
[2026-02-05T15:30:39.558Z] 🔍 Analyzing connections for 'formSchema'...
[2026-02-05T15:30:39.575Z] ✓ Calls: 0, Used by: 0, Imports: 0
[2026-02-05T15:30:39.575Z] 🔍 Analyzing connections for '{ showSuccessToast, showErrorToast }'...
[2026-02-05T15:30:39.592Z] ✓ Calls: 1, Used by: 0, Imports: 0
[2026-02-05T15:30:39.592Z] 🔍 Analyzing connections for 'form'...
[2026-02-05T15:30:39.608Z] ✓ Calls: 0, Used by: 0, Imports: 70
[2026-02-05T15:30:39.608Z] 🔍 Analyzing connections for 'mutation'...
[2026-02-05T15:30:39.625Z] ✓ Calls: 1, Used by: 0, Imports: 0
[2026-02-05T15:30:39.625Z] 🔍 Analyzing connections for 'DeleteAccount'...
[2026-02-05T15:30:39.641Z] ✓ Calls: 0, Used by: 0, Imports: 2
[2026-02-05T15:30:39.641Z] 🔍 Analyzing connections for 'DeleteConfirmation'...
[2026-02-05T15:30:39.658Z] ✓ Calls: 4, Used by: 0, Imports: 2
[2026-02-05T15:30:39.658Z] 🔍 Analyzing connections for 'onSubmit'...
[2026-02-05T15:30:39.675Z] ✓ Calls: 0, Used by: 0, Imports: 0
[2026-02-05T15:30:39.675Z] 🔍 Analyzing connections for 'queryClient'...
[2026-02-05T15:30:39.691Z] ✓ Calls: 0, Used by: 0, Imports: 0
[2026-02-05T15:30:39.691Z] 🔍 Analyzing connections for '{ showSuccessToast, showErrorToast }'...
[2026-02-05T15:30:39.708Z] ✓ Calls: 1, Used by: 0, Imports: 0
[2026-02-05T15:30:39.708Z] 🔍 Analyzing connections for '{ handleSubmit }'...
[2026-02-05T15:30:39.726Z] ✓ Calls: 0, Used by: 0, Imports: 0
[2026-02-05T15:30:39.726Z] 🔍 Analyzing connections for '{ logout }'...
[2026-02-05T15:30:39.744Z] ✓ Calls: 1, Used by: 0, Imports: 0
[2026-02-05T15:30:39.744Z] 🔍 Analyzing connections for 'mutation'...
[2026-02-05T15:30:39.761Z] ✓ Calls: 2, Used by: 0, Imports: 0
[2026-02-05T15:30:39.761Z] 🔍 Analyzing connections for 'AuthLayout'...
[2026-02-05T15:30:39.778Z] ✓ Calls: 0, Used by: 0, Imports: 8
[2026-02-05T15:30:39.778Z] 🔍 Analyzing connections for 'AuthLayoutProps'...
[2026-02-05T15:30:39.795Z] ✓ Calls: 0, Used by: 0, Imports: 0
[2026-02-05T15:30:39.795Z] 🔍 Analyzing connections for 'ErrorComponent'...
[2026-02-05T15:30:39.811Z] ✓ Calls: 0, Used by: 0, Imports: 2
[2026-02-05T15:30:39.811Z] 🔍 Analyzing connections for 'socialLinks'...
[2026-02-05T15:30:39.827Z] ✓ Calls: 0, Used by: 0, Imports: 0
[2026-02-05T15:30:39.827Z] 🔍 Analyzing connections for 'currentYear'...
[2026-02-05T15:30:39.844Z] ✓ Calls: 0, Used by: 0, Imports: 0
[2026-02-05T15:30:39.844Z] 🔍 Analyzing connections for 'DataTableProps'...
[2026-02-05T15:30:39.860Z] ✓ Calls: 0, Used by: 0, Imports: 0
[2026-02-05T15:30:39.860Z] 🔍 Analyzing connections for 'table'...
[2026-02-05T15:30:39.877Z] ✓ Calls: 0, Used by: 0, Imports: 14
[2026-02-05T15:30:39.877Z] 🔍 Analyzing connections for 'cn'...
[2026-02-05T15:30:39.893Z] ✓ Calls: 0, Used by: 1, Imports: 54
[2026-02-05T15:30:39.893Z] 🔍 Analyzing connections for 'LogoProps'...
[2026-02-05T15:30:39.909Z] ✓ Calls: 0, Used by: 0, Imports: 0
[2026-02-05T15:30:39.909Z] 🔍 Analyzing connections for '{ resolvedTheme }'...
[2026-02-05T15:30:39.926Z] ✓ Calls: 1, Used by: 0, Imports: 0
[2026-02-05T15:30:39.926Z] 🔍 Analyzing connections for 'isDark'...
[2026-02-05T15:30:39.942Z] ✓ Calls: 0, Used by: 0, Imports: 0
[2026-02-05T15:30:39.942Z] 🔍 Analyzing connections for 'fullLogo'...
[2026-02-05T15:30:39.958Z] ✓ Calls: 0, Used by: 0, Imports: 0
[2026-02-05T15:30:39.958Z] 🔍 Analyzing connections for 'iconLogo'...
[2026-02-05T15:30:39.975Z] ✓ Calls: 0, Used by: 0, Imports: 0
[2026-02-05T15:30:39.975Z] 🔍 Analyzing connections for 'LucideIcon'...
[2026-02-05T15:30:39.991Z] ✓ Calls: 0, Used by: 0, Imports: 2
[2026-02-05T15:30:39.991Z] 🔍 Analyzing connections for 'ICON_MAP'...
[2026-02-05T15:30:40.008Z] ✓ Calls: 0, Used by: 0, Imports: 0
[2026-02-05T15:30:40.008Z] 🔍 Analyzing connections for '{ isMobile }'...
[2026-02-05T15:30:40.025Z] ✓ Calls: 1, Used by: 0, Imports: 0
[2026-02-05T15:30:40.025Z] 🔍 Analyzing connections for '{ setTheme, theme }'...
[2026-02-05T15:30:40.042Z] ✓ Calls: 1, Used by: 0, Imports: 0
[2026-02-05T15:30:40.042Z] 🔍 Analyzing connections for 'Icon'...
[2026-02-05T15:30:40.058Z] ✓ Calls: 0, Used by: 0, Imports: 18
[2026-02-05T15:30:40.058Z] 🔍 Analyzing connections for '{ setTheme }'...
[2026-02-05T15:30:40.074Z] ✓ Calls: 1, Used by: 0, Imports: 0
[2026-02-05T15:30:40.074Z] 🔍 Analyzing connections for 'NotFound'...
[2026-02-05T15:30:40.090Z] ✓ Calls: 0, Used by: 0, Imports: 2
[2026-02-05T15:30:40.090Z] 🔍 Analyzing connections for 'onSubmit'...
[2026-02-05T15:30:40.106Z] ✓ Calls: 0, Used by: 0, Imports: 0
[2026-02-05T15:30:40.106Z] 🔍 Analyzing connections for 'FormData'...
[2026-02-05T15:30:40.123Z] ✓ Calls: 0, Used by: 0, Imports: 0
[2026-02-05T15:30:40.123Z] 🔍 Analyzing connections for 'formSchema'...
[2026-02-05T15:30:40.139Z] ✓ Calls: 0, Used by: 0, Imports: 0
[2026-02-05T15:30:40.139Z] 🔍 Analyzing connections for '[isOpen, setIsOpen]'...
[2026-02-05T15:30:40.155Z] ✓ Calls: 0, Used by: 0, Imports: 0
[2026-02-05T15:30:40.155Z] 🔍 Analyzing connections for 'queryClient'...
[2026-02-05T15:30:40.172Z] ✓ Calls: 0, Used by: 0, Imports: 0
[2026-02-05T15:30:40.172Z] 🔍 Analyzing connections for '{ showSuccessToast, showErrorToast }'...
[2026-02-05T15:30:40.189Z] ✓ Calls: 1, Used by: 0, Imports: 0
[2026-02-05T15:30:40.189Z] 🔍 Analyzing connections for 'form'...
[2026-02-05T15:30:40.207Z] ✓ Calls: 0, Used by: 0, Imports: 70
[2026-02-05T15:30:40.207Z] 🔍 Analyzing connections for 'mutation'...
[2026-02-05T15:30:40.224Z] ✓ Calls: 1, Used by: 0, Imports: 0
[2026-02-05T15:30:40.224Z] 🔍 Analyzing connections for '[copiedText, copy]'...
[2026-02-05T15:30:40.241Z] ✓ Calls: 1, Used by: 0, Imports: 0
[2026-02-05T15:30:40.241Z] 🔍 Analyzing connections for 'isCopied'...
[2026-02-05T15:30:40.258Z] ✓ Calls: 0, Used by: 0, Imports: 0
[2026-02-05T15:30:40.258Z] 🔍 Analyzing connections for 'description'...
[2026-02-05T15:30:40.275Z] ✓ Calls: 0, Used by: 0, Imports: 0
[2026-02-05T15:30:40.275Z] 🔍 Analyzing connections for 'onSubmit'...
[2026-02-05T15:30:40.292Z] ✓ Calls: 0, Used by: 0, Imports: 0
[2026-02-05T15:30:40.292Z] 🔍 Analyzing connections for 'FormData'...
[2026-02-05T15:30:40.309Z] ✓ Calls: 0, Used by: 0, Imports: 0
[2026-02-05T15:30:40.309Z] 🔍 Analyzing connections for 'EditItemProps'...
[2026-02-05T15:30:40.326Z] ✓ Calls: 0, Used by: 0, Imports: 0
[2026-02-05T15:30:40.326Z] 🔍 Analyzing connections for 'formSchema'...
[2026-02-05T15:30:40.343Z] ✓ Calls: 0, Used by: 0, Imports: 0
[2026-02-05T15:30:40.343Z] 🔍 Analyzing connections for '[isOpen, setIsOpen]'...
[2026-02-05T15:30:40.360Z] ✓ Calls: 0, Used by: 0, Imports: 0
[2026-02-05T15:30:40.360Z] 🔍 Analyzing connections for 'queryClient'...
[2026-02-05T15:30:40.377Z] ✓ Calls: 0, Used by: 0, Imports: 0
[2026-02-05T15:30:40.377Z] 🔍 Analyzing connections for '{ showSuccessToast, showErrorToast }'...
[2026-02-05T15:30:40.394Z] ✓ Calls: 1, Used by: 0, Imports: 0
[2026-02-05T15:30:40.394Z] 🔍 Analyzing connections for 'form'...
[2026-02-05T15:30:40.410Z] ✓ Calls: 0, Used by: 0, Imports: 70
[2026-02-05T15:30:40.410Z] 🔍 Analyzing connections for 'mutation'...
[2026-02-05T15:30:40.428Z] ✓ Calls: 1, Used by: 0, Imports: 0
[2026-02-05T15:30:40.428Z] 🔍 Analyzing connections for 'ItemActionsMenu'...
[2026-02-05T15:30:40.444Z] ✓ Calls: 0, Used by: 0, Imports: 2
[2026-02-05T15:30:40.444Z] 🔍 Analyzing connections for 'ItemActionsMenuProps'...
[2026-02-05T15:30:40.461Z] ✓ Calls: 0, Used by: 0, Imports: 0
[2026-02-05T15:30:40.461Z] 🔍 Analyzing connections for '[open, setOpen]'...
[2026-02-05T15:30:40.477Z] ✓ Calls: 0, Used by: 0, Imports: 0
[2026-02-05T15:30:40.477Z] 🔍 Analyzing connections for 'deleteItem'...
[2026-02-05T15:30:40.494Z] ✓ Calls: 0, Used by: 0, Imports: 0
[2026-02-05T15:30:40.494Z] 🔍 Analyzing connections for 'onSubmit'...
[2026-02-05T15:30:40.511Z] ✓ Calls: 0, Used by: 0, Imports: 0
[2026-02-05T15:30:40.511Z] 🔍 Analyzing connections for 'DeleteItemProps'...
[2026-02-05T15:30:40.528Z] ✓ Calls: 0, Used by: 0, Imports: 0
[2026-02-05T15:30:40.528Z] 🔍 Analyzing connections for '[isOpen, setIsOpen]'...
[2026-02-05T15:30:40.546Z] ✓ Calls: 0, Used by: 0, Imports: 0
[2026-02-05T15:30:40.546Z] 🔍 Analyzing connections for 'queryClient'...
[2026-02-05T15:30:40.563Z] ✓ Calls: 0, Used by: 0, Imports: 0
[2026-02-05T15:30:40.563Z] 🔍 Analyzing connections for '{ showSuccessToast, showErrorToast }'...
[2026-02-05T15:30:40.580Z] ✓ Calls: 1, Used by: 0, Imports: 0
[2026-02-05T15:30:40.580Z] 🔍 Analyzing connections for '{ handleSubmit }'...
[2026-02-05T15:30:40.597Z] ✓ Calls: 0, Used by: 0, Imports: 0
[2026-02-05T15:30:40.597Z] 🔍 Analyzing connections for 'mutation'...
[2026-02-05T15:30:40.615Z] ✓ Calls: 1, Used by: 0, Imports: 0
[2026-02-05T15:30:40.615Z] 🔍 Analyzing connections for 'ImportMetaEnv'...
[2026-02-05T15:30:40.632Z] ✓ Calls: 0, Used by: 0, Imports: 0
[2026-02-05T15:30:40.632Z] 🔍 Analyzing connections for 'ImportMeta'...
[2026-02-05T15:30:40.649Z] ✓ Calls: 0, Used by: 0, Imports: 0
[2026-02-05T15:30:40.649Z] 🔍 Analyzing connections for 'useCustomToast'...
[2026-02-05T15:30:40.666Z] ✓ Calls: 0, Used by: 12, Imports: 24
[2026-02-05T15:30:40.666Z] 🔍 Analyzing connections for 'showSuccessToast'...
[2026-02-05T15:30:40.683Z] ✓ Calls: 0, Used by: 11, Imports: 0
[2026-02-05T15:30:40.683Z] 🔍 Analyzing connections for 'showErrorToast'...
[2026-02-05T15:30:40.699Z] ✓ Calls: 0, Used by: 0, Imports: 0
[2026-02-05T15:30:40.699Z] 🔍 Analyzing connections for 'useIsMobile'...
[2026-02-05T15:30:40.716Z] ✓ Calls: 0, Used by: 1, Imports: 2
[2026-02-05T15:30:40.717Z] 🔍 Analyzing connections for 'onChange'...
[2026-02-05T15:30:40.734Z] ✓ Calls: 0, Used by: 0, Imports: 0
[2026-02-05T15:30:40.734Z] 🔍 Analyzing connections for 'MOBILE_BREAKPOINT'...
[2026-02-05T15:30:40.750Z] ✓ Calls: 0, Used by: 0, Imports: 0
[2026-02-05T15:30:40.750Z] 🔍 Analyzing connections for '[isMobile, setIsMobile]'...
[2026-02-05T15:30:40.767Z] ✓ Calls: 0, Used by: 0, Imports: 0
[2026-02-05T15:30:40.767Z] 🔍 Analyzing connections for 'mql'...
[2026-02-05T15:30:40.785Z] ✓ Calls: 0, Used by: 0, Imports: 0
[2026-02-05T15:30:40.785Z] 🔍 Analyzing connections for 'isLoggedIn'...
[2026-02-05T15:30:40.802Z] ✓ Calls: 0, Used by: 6, Imports: 10
[2026-02-05T15:30:40.803Z] 🔍 Analyzing connections for 'useAuth'...
[2026-02-05T15:30:40.819Z] ✓ Calls: 5, Used by: 10, Imports: 26
[2026-02-05T15:30:40.819Z] 🔍 Analyzing connections for 'login'...
[2026-02-05T15:30:40.836Z] ✓ Calls: 0, Used by: 0, Imports: 7
[2026-02-05T15:30:40.837Z] 🔍 Analyzing connections for 'logout'...
[2026-02-05T15:30:40.853Z] ✓ Calls: 1, Used by: 2, Imports: 0
[2026-02-05T15:30:40.853Z] 🔍 Analyzing connections for 'navigate'...
[2026-02-05T15:30:40.871Z] ✓ Calls: 0, Used by: 4, Imports: 0
[2026-02-05T15:30:40.871Z] 🔍 Analyzing connections for 'queryClient'...
[2026-02-05T15:30:40.888Z] ✓ Calls: 0, Used by: 0, Imports: 0
[2026-02-05T15:30:40.888Z] 🔍 Analyzing connections for '{ showErrorToast }'...
[2026-02-05T15:30:40.905Z] ✓ Calls: 1, Used by: 0, Imports: 0
[2026-02-05T15:30:40.905Z] 🔍 Analyzing connections for '{ data: user }'...
[2026-02-05T15:30:40.922Z] ✓ Calls: 1, Used by: 0, Imports: 0
[2026-02-05T15:30:40.923Z] 🔍 Analyzing connections for 'signUpMutation'...
[2026-02-05T15:30:40.940Z] ✓ Calls: 1, Used by: 0, Imports: 0
[2026-02-05T15:30:40.940Z] 🔍 Analyzing connections for 'response'...
[2026-02-05T15:30:40.957Z] ✓ Calls: 0, Used by: 0, Imports: 1
[2026-02-05T15:30:40.957Z] 🔍 Analyzing connections for 'loginMutation'...
[2026-02-05T15:30:40.973Z] ✓ Calls: 1, Used by: 0, Imports: 0
[2026-02-05T15:30:40.973Z] 🔍 Analyzing connections for 'useCopyToClipboard'...
[2026-02-05T15:30:40.990Z] ✓ Calls: 0, Used by: 1, Imports: 2
[2026-02-05T15:30:40.990Z] 🔍 Analyzing connections for 'CopiedValue'...
[2026-02-05T15:30:41.007Z] ✓ Calls: 0, Used by: 0, Imports: 0
[2026-02-05T15:30:41.007Z] 🔍 Analyzing connections for 'CopyFn'...
[2026-02-05T15:30:41.025Z] ✓ Calls: 0, Used by: 0, Imports: 0
[2026-02-05T15:30:41.025Z] 🔍 Analyzing connections for '[copiedText, setCopiedText]'...
[2026-02-05T15:30:41.043Z] ✓ Calls: 0, Used by: 0, Imports: 0
[2026-02-05T15:30:41.043Z] 🔍 Analyzing connections for 'copy'...
[2026-02-05T15:30:41.060Z] ✓ Calls: 0, Used by: 0, Imports: 0
[2026-02-05T15:30:41.060Z] 🔍 Analyzing connections for 'FileRoutesByFullPath'...
[2026-02-05T15:30:41.077Z] ✓ Calls: 0, Used by: 0, Imports: 0
[2026-02-05T15:30:41.077Z] 🔍 Analyzing connections for 'FileRoutesByTo'...
[2026-02-05T15:30:41.095Z] ✓ Calls: 0, Used by: 0, Imports: 0
[2026-02-05T15:30:41.095Z] 🔍 Analyzing connections for 'FileRoutesById'...
[2026-02-05T15:30:41.113Z] ✓ Calls: 0, Used by: 0, Imports: 0
[2026-02-05T15:30:41.113Z] 🔍 Analyzing connections for 'FileRouteTypes'...
[2026-02-05T15:30:41.131Z] ✓ Calls: 0, Used by: 0, Imports: 0
[2026-02-05T15:30:41.131Z] 🔍 Analyzing connections for 'RootRouteChildren'...
[2026-02-05T15:30:41.148Z] ✓ Calls: 0, Used by: 0, Imports: 0
[2026-02-05T15:30:41.148Z] 🔍 Analyzing connections for 'FileRoutesByPath'...
[2026-02-05T15:30:41.168Z] ✓ Calls: 0, Used by: 0, Imports: 0
[2026-02-05T15:30:41.168Z] 🔍 Analyzing connections for 'LayoutRouteChildren'...
[2026-02-05T15:30:41.186Z] ✓ Calls: 0, Used by: 0, Imports: 0
[2026-02-05T15:30:41.186Z] 🔍 Analyzing connections for 'SignupRoute'...
[2026-02-05T15:30:41.203Z] ✓ Calls: 0, Used by: 0, Imports: 2
[2026-02-05T15:30:41.203Z] 🔍 Analyzing connections for 'ResetPasswordRoute'...
[2026-02-05T15:30:41.220Z] ✓ Calls: 0, Used by: 0, Imports: 2
[2026-02-05T15:30:41.220Z] 🔍 Analyzing connections for 'RecoverPasswordRoute'...
[2026-02-05T15:30:41.237Z] ✓ Calls: 0, Used by: 0, Imports: 2
[2026-02-05T15:30:41.237Z] 🔍 Analyzing connections for 'LoginRoute'...
[2026-02-05T15:30:41.254Z] ✓ Calls: 0, Used by: 0, Imports: 2
[2026-02-05T15:30:41.254Z] 🔍 Analyzing connections for 'LayoutRoute'...
[2026-02-05T15:30:41.270Z] ✓ Calls: 0, Used by: 0, Imports: 2
[2026-02-05T15:30:41.270Z] 🔍 Analyzing connections for 'LayoutIndexRoute'...
[2026-02-05T15:30:41.286Z] ✓ Calls: 0, Used by: 0, Imports: 2
[2026-02-05T15:30:41.286Z] 🔍 Analyzing connections for 'LayoutSettingsRoute'...
[2026-02-05T15:30:41.303Z] ✓ Calls: 0, Used by: 0, Imports: 2
[2026-02-05T15:30:41.303Z] 🔍 Analyzing connections for 'LayoutItemsRoute'...
[2026-02-05T15:30:41.319Z] ✓ Calls: 0, Used by: 0, Imports: 2
[2026-02-05T15:30:41.319Z] 🔍 Analyzing connections for 'LayoutAdminRoute'...
[2026-02-05T15:30:41.336Z] ✓ Calls: 0, Used by: 0, Imports: 2
[2026-02-05T15:30:41.336Z] 🔍 Analyzing connections for 'LayoutRouteChildren'...
[2026-02-05T15:30:41.352Z] ✓ Calls: 0, Used by: 0, Imports: 0
[2026-02-05T15:30:41.352Z] 🔍 Analyzing connections for 'LayoutRouteWithChildren'...
[2026-02-05T15:30:41.368Z] ✓ Calls: 0, Used by: 0, Imports: 0
[2026-02-05T15:30:41.368Z] 🔍 Analyzing connections for 'rootRouteChildren'...
[2026-02-05T15:30:41.385Z] ✓ Calls: 0, Used by: 0, Imports: 0
[2026-02-05T15:30:41.385Z] 🔍 Analyzing connections for 'routeTree'...
[2026-02-05T15:30:41.401Z] ✓ Calls: 0, Used by: 0, Imports: 2
[2026-02-05T15:30:41.401Z] 🔍 Analyzing connections for 'cn'...
[2026-02-05T15:30:41.417Z] ✓ Calls: 0, Used by: 1, Imports: 54
[2026-02-05T15:30:41.417Z] 🔍 Analyzing connections for 'constructor'...
[2026-02-05T15:30:41.433Z] ✓ Calls: 0, Used by: 0, Imports: 0
[2026-02-05T15:30:41.433Z] 🔍 Analyzing connections for 'isCancelled'...
[2026-02-05T15:30:41.450Z] ✓ Calls: 0, Used by: 0, Imports: 0
[2026-02-05T15:30:41.450Z] 🔍 Analyzing connections for 'constructor'...
[2026-02-05T15:30:41.466Z] ✓ Calls: 0, Used by: 0, Imports: 0
[2026-02-05T15:30:41.466Z] 🔍 Analyzing connections for 'onResolve'...
[2026-02-05T15:30:41.482Z] ✓ Calls: 0, Used by: 0, Imports: 0
[2026-02-05T15:30:41.482Z] 🔍 Analyzing connections for 'onReject'...
[2026-02-05T15:30:41.498Z] ✓ Calls: 0, Used by: 0, Imports: 0
[2026-02-05T15:30:41.498Z] 🔍 Analyzing connections for 'onCancel'...
[2026-02-05T15:30:41.514Z] ✓ Calls: 0, Used by: 1, Imports: 0
[2026-02-05T15:30:41.514Z] 🔍 Analyzing connections for '[Symbol.toStringTag]'...
[2026-02-05T15:30:41.530Z] ✓ Calls: 0, Used by: 0, Imports: 0
[2026-02-05T15:30:41.530Z] 🔍 Analyzing connections for 'then'...
[2026-02-05T15:30:41.545Z] ✓ Calls: 0, Used by: 0, Imports: 2
[2026-02-05T15:30:41.546Z] 🔍 Analyzing connections for 'catch'...
[2026-02-05T15:30:41.562Z] ✓ Calls: 0, Used by: 0, Imports: 2
[2026-02-05T15:30:41.562Z] 🔍 Analyzing connections for 'finally'...
[2026-02-05T15:30:41.579Z] ✓ Calls: 0, Used by: 0, Imports: 0
[2026-02-05T15:30:41.579Z] 🔍 Analyzing connections for 'cancel'...
[2026-02-05T15:30:41.596Z] ✓ Calls: 0, Used by: 0, Imports: 0
[2026-02-05T15:30:41.596Z] 🔍 Analyzing connections for 'isCancelled'...
[2026-02-05T15:30:41.613Z] ✓ Calls: 0, Used by: 0, Imports: 0
[2026-02-05T15:30:41.613Z] 🔍 Analyzing connections for 'CancelError'...
[2026-02-05T15:30:41.630Z] ✓ Calls: 0, Used by: 0, Imports: 0
[2026-02-05T15:30:41.630Z] 🔍 Analyzing connections for 'CancelablePromise'...
[2026-02-05T15:30:41.646Z] ✓ Calls: 0, Used by: 0, Imports: 6
[2026-02-05T15:30:41.646Z] 🔍 Analyzing connections for 'OnCancel'...
[2026-02-05T15:30:41.662Z] ✓ Calls: 0, Used by: 0, Imports: 2
[2026-02-05T15:30:41.662Z] 🔍 Analyzing connections for 'ApiRequestOptions'...
[2026-02-05T15:30:41.678Z] ✓ Calls: 0, Used by: 0, Imports: 6
[2026-02-05T15:30:41.678Z] 🔍 Analyzing connections for 'ApiResult'...
[2026-02-05T15:30:41.694Z] ✓ Calls: 0, Used by: 0, Imports: 4
[2026-02-05T15:30:41.694Z] 🔍 Analyzing connections for 'isString'...
[2026-02-05T15:30:41.711Z] ✓ Calls: 0, Used by: 4, Imports: 0
[2026-02-05T15:30:41.711Z] 🔍 Analyzing connections for 'isStringWithValue'...
[2026-02-05T15:30:41.729Z] ✓ Calls: 1, Used by: 3, Imports: 0
[2026-02-05T15:30:41.729Z] 🔍 Analyzing connections for 'isBlob'...
[2026-02-05T15:30:41.746Z] ✓ Calls: 0, Used by: 2, Imports: 0
[2026-02-05T15:30:41.746Z] 🔍 Analyzing connections for 'isFormData'...
[2026-02-05T15:30:41.763Z] ✓ Calls: 0, Used by: 1, Imports: 0
[2026-02-05T15:30:41.763Z] 🔍 Analyzing connections for 'isSuccess'...
[2026-02-05T15:30:41.780Z] ✓ Calls: 0, Used by: 2, Imports: 0
[2026-02-05T15:30:41.780Z] 🔍 Analyzing connections for 'base64'...
[2026-02-05T15:30:41.797Z] ✓ Calls: 0, Used by: 1, Imports: 0
[2026-02-05T15:30:41.797Z] 🔍 Analyzing connections for 'getQueryString'...
[2026-02-05T15:30:41.815Z] ✓ Calls: 2, Used by: 1, Imports: 0
[2026-02-05T15:30:41.815Z] 🔍 Analyzing connections for 'append'...
[2026-02-05T15:30:41.832Z] ✓ Calls: 0, Used by: 2, Imports: 0
[2026-02-05T15:30:41.832Z] 🔍 Analyzing connections for 'encodePair'...
[2026-02-05T15:30:41.850Z] ✓ Calls: 2, Used by: 3, Imports: 0
[2026-02-05T15:30:41.850Z] 🔍 Analyzing connections for 'getUrl'...
[2026-02-05T15:30:41.867Z] ✓ Calls: 2, Used by: 1, Imports: 0
[2026-02-05T15:30:41.867Z] 🔍 Analyzing connections for 'getFormData'...
[2026-02-05T15:30:41.884Z] ✓ Calls: 1, Used by: 1, Imports: 0
[2026-02-05T15:30:41.884Z] 🔍 Analyzing connections for 'process'...
[2026-02-05T15:30:41.901Z] ✓ Calls: 0, Used by: 2, Imports: 0
[2026-02-05T15:30:41.901Z] 🔍 Analyzing connections for 'resolve'...
[2026-02-05T15:30:41.918Z] ✓ Calls: 0, Used by: 5, Imports: 20
[2026-02-05T15:30:41.918Z] 🔍 Analyzing connections for 'getHeaders'...
[2026-02-05T15:30:41.935Z] ✓ Calls: 5, Used by: 1, Imports: 0
[2026-02-05T15:30:41.935Z] 🔍 Analyzing connections for 'getRequestBody'...
[2026-02-05T15:30:41.952Z] ✓ Calls: 0, Used by: 1, Imports: 0
[2026-02-05T15:30:41.952Z] 🔍 Analyzing connections for 'sendRequest'...
[2026-02-05T15:30:41.968Z] ✓ Calls: 1, Used by: 0, Imports: 0
[2026-02-05T15:30:41.968Z] 🔍 Analyzing connections for 'getResponseHeader'...
[2026-02-05T15:30:41.986Z] ✓ Calls: 0, Used by: 1, Imports: 0
[2026-02-05T15:30:41.986Z] 🔍 Analyzing connections for 'getResponseBody'...
[2026-02-05T15:30:42.002Z] ✓ Calls: 0, Used by: 1, Imports: 0
[2026-02-05T15:30:42.002Z] 🔍 Analyzing connections for 'catchErrorCodes'...
[2026-02-05T15:30:42.020Z] ✓ Calls: 0, Used by: 1, Imports: 0
[2026-02-05T15:30:42.020Z] 🔍 Analyzing connections for 'request'...
[2026-02-05T15:30:42.037Z] ✓ Calls: 9, Used by: 0, Imports: 2
[2026-02-05T15:30:42.037Z] 🔍 Analyzing connections for 'Resolver'...
[2026-02-05T15:30:42.055Z] ✓ Calls: 0, Used by: 0, Imports: 20
[2026-02-05T15:30:42.055Z] 🔍 Analyzing connections for 'qs'...
[2026-02-05T15:30:42.073Z] ✓ Calls: 0, Used by: 0, Imports: 0
[2026-02-05T15:30:42.073Z] 🔍 Analyzing connections for 'encoder'...
[2026-02-05T15:30:42.090Z] ✓ Calls: 0, Used by: 1, Imports: 1
[2026-02-05T15:30:42.090Z] 🔍 Analyzing connections for 'path'...
[2026-02-05T15:30:42.108Z] ✓ Calls: 2, Used by: 0, Imports: 7
[2026-02-05T15:30:42.109Z] 🔍 Analyzing connections for 'url'...
[2026-02-05T15:30:42.126Z] ✓ Calls: 0, Used by: 0, Imports: 2
[2026-02-05T15:30:42.126Z] 🔍 Analyzing connections for 'formData'...
[2026-02-05T15:30:42.145Z] ✓ Calls: 0, Used by: 0, Imports: 0
[2026-02-05T15:30:42.145Z] 🔍 Analyzing connections for '[token, username, password, additionalHeaders]'...
[2026-02-05T15:30:42.162Z] ✓ Calls: 4, Used by: 0, Imports: 0
[2026-02-05T15:30:42.162Z] 🔍 Analyzing connections for 'headers'...
[2026-02-05T15:30:42.178Z] ✓ Calls: 0, Used by: 0, Imports: 2
[2026-02-05T15:30:42.178Z] 🔍 Analyzing connections for 'credentials'...
[2026-02-05T15:30:42.195Z] ✓ Calls: 1, Used by: 0, Imports: 0
[2026-02-05T15:30:42.195Z] 🔍 Analyzing connections for 'controller'...
[2026-02-05T15:30:42.211Z] ✓ Calls: 0, Used by: 0, Imports: 0
[2026-02-05T15:30:42.211Z] 🔍 Analyzing connections for 'axiosError'...
[2026-02-05T15:30:42.228Z] ✓ Calls: 0, Used by: 0, Imports: 0
[2026-02-05T15:30:42.228Z] 🔍 Analyzing connections for 'content'...
[2026-02-05T15:30:42.244Z] ✓ Calls: 0, Used by: 0, Imports: 0
[2026-02-05T15:30:42.244Z] 🔍 Analyzing connections for 'errors'...
[2026-02-05T15:30:42.263Z] ✓ Calls: 0, Used by: 0, Imports: 0
[2026-02-05T15:30:42.263Z] 🔍 Analyzing connections for 'error'...
[2026-02-05T15:30:42.280Z] ✓ Calls: 0, Used by: 0, Imports: 0
[2026-02-05T15:30:42.280Z] 🔍 Analyzing connections for 'errorStatus'...
[2026-02-05T15:30:42.297Z] ✓ Calls: 0, Used by: 0, Imports: 0
[2026-02-05T15:30:42.297Z] 🔍 Analyzing connections for 'errorStatusText'...
[2026-02-05T15:30:42.315Z] ✓ Calls: 0, Used by: 0, Imports: 0
[2026-02-05T15:30:42.315Z] 🔍 Analyzing connections for 'errorBody'...
[2026-02-05T15:30:42.332Z] ✓ Calls: 0, Used by: 0, Imports: 0
[2026-02-05T15:30:42.332Z] 🔍 Analyzing connections for 'url'...
[2026-02-05T15:30:42.350Z] ✓ Calls: 1, Used by: 0, Imports: 2
[2026-02-05T15:30:42.350Z] 🔍 Analyzing connections for 'formData'...
[2026-02-05T15:30:42.367Z] ✓ Calls: 1, Used by: 0, Imports: 0
[2026-02-05T15:30:42.367Z] 🔍 Analyzing connections for 'body'...
[2026-02-05T15:30:42.383Z] ✓ Calls: 1, Used by: 0, Imports: 0
[2026-02-05T15:30:42.383Z] 🔍 Analyzing connections for 'headers'...
[2026-02-05T15:30:42.400Z] ✓ Calls: 1, Used by: 0, Imports: 2
[2026-02-05T15:30:42.400Z] 🔍 Analyzing connections for 'responseBody'...
[2026-02-05T15:30:42.417Z] ✓ Calls: 1, Used by: 0, Imports: 0
[2026-02-05T15:30:42.417Z] 🔍 Analyzing connections for 'responseHeader'...
[2026-02-05T15:30:42.433Z] ✓ Calls: 1, Used by: 0, Imports: 0
[2026-02-05T15:30:42.433Z] 🔍 Analyzing connections for 'result'...
[2026-02-05T15:30:42.451Z] ✓ Calls: 1, Used by: 0, Imports: 0
[2026-02-05T15:30:42.451Z] 🔍 Analyzing connections for 'constructor'...
[2026-02-05T15:30:42.468Z] ✓ Calls: 0, Used by: 0, Imports: 0
[2026-02-05T15:30:42.468Z] 🔍 Analyzing connections for 'ApiError'...
[2026-02-05T15:30:42.484Z] ✓ Calls: 0, Used by: 0, Imports: 6
[2026-02-05T15:30:42.484Z] 🔍 Analyzing connections for 'constructor'...
[2026-02-05T15:30:42.501Z] ✓ Calls: 0, Used by: 0, Imports: 0
[2026-02-05T15:30:42.501Z] 🔍 Analyzing connections for 'eject'...
[2026-02-05T15:30:42.519Z] ✓ Calls: 0, Used by: 0, Imports: 0
[2026-02-05T15:30:42.519Z] 🔍 Analyzing connections for 'use'...
[2026-02-05T15:30:42.535Z] ✓ Calls: 0, Used by: 0, Imports: 178
[2026-02-05T15:30:42.535Z] 🔍 Analyzing connections for 'Interceptors'...
[2026-02-05T15:30:42.551Z] ✓ Calls: 0, Used by: 0, Imports: 0
[2026-02-05T15:30:42.552Z] 🔍 Analyzing connections for 'Headers'...
[2026-02-05T15:30:42.568Z] ✓ Calls: 0, Used by: 0, Imports: 0
[2026-02-05T15:30:42.568Z] 🔍 Analyzing connections for 'Middleware'...
[2026-02-05T15:30:42.585Z] ✓ Calls: 0, Used by: 0, Imports: 1
[2026-02-05T15:30:42.585Z] 🔍 Analyzing connections for 'Resolver'...
[2026-02-05T15:30:42.601Z] ✓ Calls: 0, Used by: 0, Imports: 20
[2026-02-05T15:30:42.601Z] 🔍 Analyzing connections for 'OpenAPIConfig'...
[2026-02-05T15:30:42.618Z] ✓ Calls: 0, Used by: 0, Imports: 2
[2026-02-05T15:30:42.618Z] 🔍 Analyzing connections for 'index'...
[2026-02-05T15:30:42.634Z] ✓ Calls: 0, Used by: 0, Imports: 4
[2026-02-05T15:30:42.634Z] 🔍 Analyzing connections for 'OpenAPI'...
[2026-02-05T15:30:42.650Z] ✓ Calls: 0, Used by: 0, Imports: 8
[2026-02-05T15:30:42.650Z] 🔍 Analyzing connections for 'Body_login_login_access_token'...
[2026-02-05T15:30:42.668Z] ✓ Calls: 0, Used by: 0, Imports: 4
[2026-02-05T15:30:42.668Z] 🔍 Analyzing connections for 'HTTPValidationError'...
[2026-02-05T15:30:42.686Z] ✓ Calls: 0, Used by: 0, Imports: 0
[2026-02-05T15:30:42.686Z] 🔍 Analyzing connections for 'ItemCreate'...
[2026-02-05T15:30:42.704Z] ✓ Calls: 0, Used by: 1, Imports: 5
[2026-02-05T15:30:42.704Z] 🔍 Analyzing connections for 'ItemPublic'...
[2026-02-05T15:30:42.720Z] ✓ Calls: 0, Used by: 0, Imports: 7
[2026-02-05T15:30:42.720Z] 🔍 Analyzing connections for 'ItemsPublic'...
[2026-02-05T15:30:42.737Z] ✓ Calls: 0, Used by: 1, Imports: 1
[2026-02-05T15:30:42.737Z] 🔍 Analyzing connections for 'ItemUpdate'...
[2026-02-05T15:30:42.753Z] ✓ Calls: 0, Used by: 0, Imports: 1
[2026-02-05T15:30:42.753Z] 🔍 Analyzing connections for 'Message'...
[2026-02-05T15:30:42.769Z] ✓ Calls: 0, Used by: 7, Imports: 24
[2026-02-05T15:30:42.769Z] 🔍 Analyzing connections for 'NewPassword'...
[2026-02-05T15:30:42.786Z] ✓ Calls: 0, Used by: 0, Imports: 1
[2026-02-05T15:30:42.786Z] 🔍 Analyzing connections for 'PrivateUserCreate'...
[2026-02-05T15:30:42.802Z] ✓ Calls: 0, Used by: 0, Imports: 0
[2026-02-05T15:30:42.802Z] 🔍 Analyzing connections for 'Token'...
[2026-02-05T15:30:42.818Z] ✓ Calls: 0, Used by: 1, Imports: 10
[2026-02-05T15:30:42.818Z] 🔍 Analyzing connections for 'UpdatePassword'...
[2026-02-05T15:30:42.834Z] ✓ Calls: 0, Used by: 0, Imports: 5
[2026-02-05T15:30:42.834Z] 🔍 Analyzing connections for 'UserCreate'...
[2026-02-05T15:30:42.850Z] ✓ Calls: 0, Used by: 24, Imports: 9
[2026-02-05T15:30:42.850Z] 🔍 Analyzing connections for 'UserPublic'...
[2026-02-05T15:30:42.866Z] ✓ Calls: 0, Used by: 0, Imports: 13
[2026-02-05T15:30:42.866Z] 🔍 Analyzing connections for 'UserRegister'...
[2026-02-05T15:30:42.883Z] ✓ Calls: 0, Used by: 0, Imports: 3
[2026-02-05T15:30:42.883Z] 🔍 Analyzing connections for 'UsersPublic'...
[2026-02-05T15:30:42.900Z] ✓ Calls: 0, Used by: 1, Imports: 1
[2026-02-05T15:30:42.900Z] 🔍 Analyzing connections for 'UserUpdate'...
[2026-02-05T15:30:42.917Z] ✓ Calls: 0, Used by: 3, Imports: 7
[2026-02-05T15:30:42.917Z] 🔍 Analyzing connections for 'UserUpdateMe'...
[2026-02-05T15:30:42.934Z] ✓ Calls: 0, Used by: 0, Imports: 3
[2026-02-05T15:30:42.934Z] 🔍 Analyzing connections for 'ValidationError'...
[2026-02-05T15:30:42.951Z] ✓ Calls: 0, Used by: 0, Imports: 1
[2026-02-05T15:30:42.951Z] 🔍 Analyzing connections for 'ItemsReadItemsData'...
[2026-02-05T15:30:42.967Z] ✓ Calls: 0, Used by: 0, Imports: 2
[2026-02-05T15:30:42.968Z] 🔍 Analyzing connections for 'ItemsReadItemsResponse'...
[2026-02-05T15:30:42.984Z] ✓ Calls: 0, Used by: 0, Imports: 2
[2026-02-05T15:30:42.984Z] 🔍 Analyzing connections for 'ItemsCreateItemData'...
[2026-02-05T15:30:43.001Z] ✓ Calls: 0, Used by: 0, Imports: 2
[2026-02-05T15:30:43.001Z] 🔍 Analyzing connections for 'ItemsCreateItemResponse'...
[2026-02-05T15:30:43.017Z] ✓ Calls: 0, Used by: 0, Imports: 2
[2026-02-05T15:30:43.017Z] 🔍 Analyzing connections for 'ItemsReadItemData'...
[2026-02-05T15:30:43.034Z] ✓ Calls: 0, Used by: 0, Imports: 2
[2026-02-05T15:30:43.034Z] 🔍 Analyzing connections for 'ItemsReadItemResponse'...
[2026-02-05T15:30:43.050Z] ✓ Calls: 0, Used by: 0, Imports: 2
[2026-02-05T15:30:43.050Z] 🔍 Analyzing connections for 'ItemsUpdateItemData'...
[2026-02-05T15:30:43.066Z] ✓ Calls: 0, Used by: 0, Imports: 2
[2026-02-05T15:30:43.066Z] 🔍 Analyzing connections for 'ItemsUpdateItemResponse'...
[2026-02-05T15:30:43.082Z] ✓ Calls: 0, Used by: 0, Imports: 2
[2026-02-05T15:30:43.082Z] 🔍 Analyzing connections for 'ItemsDeleteItemData'...
[2026-02-05T15:30:43.099Z] ✓ Calls: 0, Used by: 0, Imports: 2
[2026-02-05T15:30:43.099Z] 🔍 Analyzing connections for 'ItemsDeleteItemResponse'...
[2026-02-05T15:30:43.115Z] ✓ Calls: 0, Used by: 0, Imports: 2
[2026-02-05T15:30:43.115Z] 🔍 Analyzing connections for 'LoginLoginAccessTokenData'...
[2026-02-05T15:30:43.132Z] ✓ Calls: 0, Used by: 0, Imports: 2
[2026-02-05T15:30:43.132Z] 🔍 Analyzing connections for 'LoginLoginAccessTokenResponse'...
[2026-02-05T15:30:43.147Z] ✓ Calls: 0, Used by: 0, Imports: 2
[2026-02-05T15:30:43.148Z] 🔍 Analyzing connections for 'LoginTestTokenResponse'...
[2026-02-05T15:30:43.163Z] ✓ Calls: 0, Used by: 0, Imports: 2
[2026-02-05T15:30:43.164Z] 🔍 Analyzing connections for 'LoginRecoverPasswordData'...
[2026-02-05T15:30:43.179Z] ✓ Calls: 0, Used by: 0, Imports: 2
[2026-02-05T15:30:43.180Z] 🔍 Analyzing connections for 'LoginRecoverPasswordResponse'...
[2026-02-05T15:30:43.196Z] ✓ Calls: 0, Used by: 0, Imports: 2
[2026-02-05T15:30:43.196Z] 🔍 Analyzing connections for 'LoginResetPasswordData'...
[2026-02-05T15:30:43.212Z] ✓ Calls: 0, Used by: 0, Imports: 2
[2026-02-05T15:30:43.212Z] 🔍 Analyzing connections for 'LoginResetPasswordResponse'...
[2026-02-05T15:30:43.228Z] ✓ Calls: 0, Used by: 0, Imports: 2
[2026-02-05T15:30:43.228Z] 🔍 Analyzing connections for 'LoginRecoverPasswordHtmlContentData'...
[2026-02-05T15:30:43.244Z] ✓ Calls: 0, Used by: 0, Imports: 2
[2026-02-05T15:30:43.244Z] 🔍 Analyzing connections for 'LoginRecoverPasswordHtmlContentResponse'...
[2026-02-05T15:30:43.261Z] ✓ Calls: 0, Used by: 0, Imports: 2
[2026-02-05T15:30:43.261Z] 🔍 Analyzing connections for 'PrivateCreateUserData'...
[2026-02-05T15:30:43.277Z] ✓ Calls: 0, Used by: 0, Imports: 2
[2026-02-05T15:30:43.277Z] 🔍 Analyzing connections for 'PrivateCreateUserResponse'...
[2026-02-05T15:30:43.293Z] ✓ Calls: 0, Used by: 0, Imports: 2
[2026-02-05T15:30:43.293Z] 🔍 Analyzing connections for 'UsersReadUsersData'...
[2026-02-05T15:30:43.310Z] ✓ Calls: 0, Used by: 0, Imports: 2
[2026-02-05T15:30:43.310Z] 🔍 Analyzing connections for 'UsersReadUsersResponse'...
[2026-02-05T15:30:43.326Z] ✓ Calls: 0, Used by: 0, Imports: 2
[2026-02-05T15:30:43.326Z] 🔍 Analyzing connections for 'UsersCreateUserData'...
[2026-02-05T15:30:43.343Z] ✓ Calls: 0, Used by: 0, Imports: 2
[2026-02-05T15:30:43.343Z] 🔍 Analyzing connections for 'UsersCreateUserResponse'...
[2026-02-05T15:30:43.359Z] ✓ Calls: 0, Used by: 0, Imports: 2
[2026-02-05T15:30:43.359Z] 🔍 Analyzing connections for 'UsersReadUserMeResponse'...
[2026-02-05T15:30:43.375Z] ✓ Calls: 0, Used by: 0, Imports: 2
[2026-02-05T15:30:43.375Z] 🔍 Analyzing connections for 'UsersDeleteUserMeResponse'...
[2026-02-05T15:30:43.392Z] ✓ Calls: 0, Used by: 0, Imports: 2
[2026-02-05T15:30:43.392Z] 🔍 Analyzing connections for 'UsersUpdateUserMeData'...
[2026-02-05T15:30:43.408Z] ✓ Calls: 0, Used by: 0, Imports: 2
[2026-02-05T15:30:43.408Z] 🔍 Analyzing connections for 'UsersUpdateUserMeResponse'...
[2026-02-05T15:30:43.424Z] ✓ Calls: 0, Used by: 0, Imports: 2
[2026-02-05T15:30:43.424Z] 🔍 Analyzing connections for 'UsersUpdatePasswordMeData'...
[2026-02-05T15:30:43.441Z] ✓ Calls: 0, Used by: 0, Imports: 2
[2026-02-05T15:30:43.441Z] 🔍 Analyzing connections for 'UsersUpdatePasswordMeResponse'...
[2026-02-05T15:30:43.458Z] ✓ Calls: 0, Used by: 0, Imports: 2
[2026-02-05T15:30:43.458Z] 🔍 Analyzing connections for 'UsersRegisterUserData'...
[2026-02-05T15:30:43.474Z] ✓ Calls: 0, Used by: 0, Imports: 2
[2026-02-05T15:30:43.474Z] 🔍 Analyzing connections for 'UsersRegisterUserResponse'...
[2026-02-05T15:30:43.491Z] ✓ Calls: 0, Used by: 0, Imports: 2
[2026-02-05T15:30:43.491Z] 🔍 Analyzing connections for 'UsersReadUserByIdData'...
[2026-02-05T15:30:43.508Z] ✓ Calls: 0, Used by: 0, Imports: 2
[2026-02-05T15:30:43.508Z] 🔍 Analyzing connections for 'UsersReadUserByIdResponse'...
[2026-02-05T15:30:43.525Z] ✓ Calls: 0, Used by: 0, Imports: 2
[2026-02-05T15:30:43.525Z] 🔍 Analyzing connections for 'UsersUpdateUserData'...
[2026-02-05T15:30:43.541Z] ✓ Calls: 0, Used by: 0, Imports: 2
[2026-02-05T15:30:43.541Z] 🔍 Analyzing connections for 'UsersUpdateUserResponse'...
[2026-02-05T15:30:43.557Z] ✓ Calls: 0, Used by: 0, Imports: 2
[2026-02-05T15:30:43.557Z] 🔍 Analyzing connections for 'UsersDeleteUserData'...
[2026-02-05T15:30:43.574Z] ✓ Calls: 0, Used by: 0, Imports: 2
[2026-02-05T15:30:43.574Z] 🔍 Analyzing connections for 'UsersDeleteUserResponse'...
[2026-02-05T15:30:43.590Z] ✓ Calls: 0, Used by: 0, Imports: 2
[2026-02-05T15:30:43.590Z] 🔍 Analyzing connections for 'UtilsTestEmailData'...
[2026-02-05T15:30:43.606Z] ✓ Calls: 0, Used by: 0, Imports: 2
[2026-02-05T15:30:43.606Z] 🔍 Analyzing connections for 'UtilsTestEmailResponse'...
[2026-02-05T15:30:43.622Z] ✓ Calls: 0, Used by: 0, Imports: 2
[2026-02-05T15:30:43.622Z] 🔍 Analyzing connections for 'UtilsHealthCheckResponse'...
[2026-02-05T15:30:43.639Z] ✓ Calls: 0, Used by: 0, Imports: 2
[2026-02-05T15:30:43.639Z] 🔍 Analyzing connections for 'readItems'...
[2026-02-05T15:30:43.656Z] ✓ Calls: 0, Used by: 0, Imports: 0
[2026-02-05T15:30:43.656Z] 🔍 Analyzing connections for 'createItem'...
[2026-02-05T15:30:43.673Z] ✓ Calls: 0, Used by: 0, Imports: 0
[2026-02-05T15:30:43.673Z] 🔍 Analyzing connections for 'readItem'...
[2026-02-05T15:30:43.690Z] ✓ Calls: 0, Used by: 0, Imports: 0
[2026-02-05T15:30:43.690Z] 🔍 Analyzing connections for 'updateItem'...
[2026-02-05T15:30:43.706Z] ✓ Calls: 0, Used by: 0, Imports: 0
[2026-02-05T15:30:43.706Z] 🔍 Analyzing connections for 'deleteItem'...
[2026-02-05T15:30:43.723Z] ✓ Calls: 0, Used by: 0, Imports: 0
[2026-02-05T15:30:43.723Z] 🔍 Analyzing connections for 'loginAccessToken'...
[2026-02-05T15:30:43.740Z] ✓ Calls: 0, Used by: 0, Imports: 0
[2026-02-05T15:30:43.740Z] 🔍 Analyzing connections for 'testToken'...
[2026-02-05T15:30:43.757Z] ✓ Calls: 0, Used by: 0, Imports: 0
[2026-02-05T15:30:43.757Z] 🔍 Analyzing connections for 'recoverPassword'...
[2026-02-05T15:30:43.774Z] ✓ Calls: 0, Used by: 0, Imports: 0
[2026-02-05T15:30:43.774Z] 🔍 Analyzing connections for 'resetPassword'...
[2026-02-05T15:30:43.790Z] ✓ Calls: 0, Used by: 0, Imports: 0
[2026-02-05T15:30:43.790Z] 🔍 Analyzing connections for 'recoverPasswordHtmlContent'...
[2026-02-05T15:30:43.807Z] ✓ Calls: 0, Used by: 0, Imports: 0
[2026-02-05T15:30:43.807Z] 🔍 Analyzing connections for 'createUser'...
[2026-02-05T15:30:43.823Z] ✓ Calls: 0, Used by: 1, Imports: 6
[2026-02-05T15:30:43.823Z] 🔍 Analyzing connections for 'readUsers'...
[2026-02-05T15:30:43.840Z] ✓ Calls: 0, Used by: 0, Imports: 0
[2026-02-05T15:30:43.840Z] 🔍 Analyzing connections for 'createUser'...
[2026-02-05T15:30:43.857Z] ✓ Calls: 0, Used by: 1, Imports: 6
[2026-02-05T15:30:43.857Z] 🔍 Analyzing connections for 'readUserMe'...
[2026-02-05T15:30:43.874Z] ✓ Calls: 0, Used by: 0, Imports: 0
[2026-02-05T15:30:43.874Z] 🔍 Analyzing connections for 'deleteUserMe'...
[2026-02-05T15:30:43.891Z] ✓ Calls: 0, Used by: 0, Imports: 0
[2026-02-05T15:30:43.891Z] 🔍 Analyzing connections for 'updateUserMe'...
[2026-02-05T15:30:43.908Z] ✓ Calls: 0, Used by: 0, Imports: 0
[2026-02-05T15:30:43.908Z] 🔍 Analyzing connections for 'updatePasswordMe'...
[2026-02-05T15:30:43.925Z] ✓ Calls: 0, Used by: 0, Imports: 0
[2026-02-05T15:30:43.925Z] 🔍 Analyzing connections for 'registerUser'...
[2026-02-05T15:30:43.942Z] ✓ Calls: 0, Used by: 0, Imports: 0
[2026-02-05T15:30:43.942Z] 🔍 Analyzing connections for 'readUserById'...
[2026-02-05T15:30:43.959Z] ✓ Calls: 0, Used by: 0, Imports: 0
[2026-02-05T15:30:43.959Z] 🔍 Analyzing connections for 'updateUser'...
[2026-02-05T15:30:43.976Z] ✓ Calls: 0, Used by: 0, Imports: 0
[2026-02-05T15:30:43.976Z] 🔍 Analyzing connections for 'deleteUser'...
[2026-02-05T15:30:43.998Z] ✓ Calls: 0, Used by: 0, Imports: 0
[2026-02-05T15:30:43.998Z] 🔍 Analyzing connections for 'testEmail'...
[2026-02-05T15:30:44.017Z] ✓ Calls: 0, Used by: 0, Imports: 0
[2026-02-05T15:30:44.017Z] 🔍 Analyzing connections for 'healthCheck'...
[2026-02-05T15:30:44.039Z] ✓ Calls: 0, Used by: 0, Imports: 0
[2026-02-05T15:30:44.039Z] 🔍 Analyzing connections for 'ItemsService'...
[2026-02-05T15:30:44.056Z] ✓ Calls: 0, Used by: 0, Imports: 8
[2026-02-05T15:30:44.056Z] 🔍 Analyzing connections for 'LoginService'...
[2026-02-05T15:30:44.073Z] ✓ Calls: 0, Used by: 0, Imports: 6
[2026-02-05T15:30:44.073Z] 🔍 Analyzing connections for 'PrivateService'...
[2026-02-05T15:30:44.090Z] ✓ Calls: 0, Used by: 0, Imports: 2
[2026-02-05T15:30:44.090Z] 🔍 Analyzing connections for 'UsersService'...
[2026-02-05T15:30:44.107Z] ✓ Calls: 0, Used by: 0, Imports: 16
[2026-02-05T15:30:44.107Z] 🔍 Analyzing connections for 'UtilsService'...
[2026-02-05T15:30:44.124Z] ✓ Calls: 0, Used by: 0, Imports: 0
[2026-02-05T15:30:44.124Z] 🔍 Analyzing connections for 'Body_login_login_access_tokenSchema'...
[2026-02-05T15:30:44.142Z] ✓ Calls: 0, Used by: 0, Imports: 0
[2026-02-05T15:30:44.142Z] 🔍 Analyzing connections for 'HTTPValidationErrorSchema'...
[2026-02-05T15:30:44.159Z] ✓ Calls: 0, Used by: 0, Imports: 0
[2026-02-05T15:30:44.159Z] 🔍 Analyzing connections for 'ItemCreateSchema'...
[2026-02-05T15:30:44.176Z] ✓ Calls: 0, Used by: 0, Imports: 0
[2026-02-05T15:30:44.176Z] 🔍 Analyzing connections for 'ItemPublicSchema'...
[2026-02-05T15:30:44.194Z] ✓ Calls: 0, Used by: 0, Imports: 0
[2026-02-05T15:30:44.194Z] 🔍 Analyzing connections for 'ItemUpdateSchema'...
[2026-02-05T15:30:44.212Z] ✓ Calls: 0, Used by: 0, Imports: 0
[2026-02-05T15:30:44.212Z] 🔍 Analyzing connections for 'ItemsPublicSchema'...
[2026-02-05T15:30:44.229Z] ✓ Calls: 0, Used by: 0, Imports: 0
[2026-02-05T15:30:44.229Z] 🔍 Analyzing connections for 'MessageSchema'...
[2026-02-05T15:30:44.246Z] ✓ Calls: 0, Used by: 0, Imports: 0
[2026-02-05T15:30:44.246Z] 🔍 Analyzing connections for 'NewPasswordSchema'...
[2026-02-05T15:30:44.263Z] ✓ Calls: 0, Used by: 0, Imports: 0
[2026-02-05T15:30:44.263Z] 🔍 Analyzing connections for 'PrivateUserCreateSchema'...
[2026-02-05T15:30:44.281Z] ✓ Calls: 0, Used by: 0, Imports: 0
[2026-02-05T15:30:44.281Z] 🔍 Analyzing connections for 'TokenSchema'...
[2026-02-05T15:30:44.298Z] ✓ Calls: 0, Used by: 0, Imports: 0
[2026-02-05T15:30:44.299Z] 🔍 Analyzing connections for 'UpdatePasswordSchema'...
[2026-02-05T15:30:44.316Z] ✓ Calls: 0, Used by: 0, Imports: 0
[2026-02-05T15:30:44.316Z] 🔍 Analyzing connections for 'UserCreateSchema'...
[2026-02-05T15:30:44.333Z] ✓ Calls: 0, Used by: 0, Imports: 0
[2026-02-05T15:30:44.333Z] 🔍 Analyzing connections for 'UserPublicSchema'...
[2026-02-05T15:30:44.350Z] ✓ Calls: 0, Used by: 0, Imports: 0
[2026-02-05T15:30:44.350Z] 🔍 Analyzing connections for 'UserRegisterSchema'...
[2026-02-05T15:30:44.367Z] ✓ Calls: 0, Used by: 0, Imports: 0
[2026-02-05T15:30:44.368Z] 🔍 Analyzing connections for 'UserUpdateSchema'...
[2026-02-05T15:30:44.385Z] ✓ Calls: 0, Used by: 0, Imports: 0
[2026-02-05T15:30:44.385Z] 🔍 Analyzing connections for 'UserUpdateMeSchema'...
[2026-02-05T15:30:44.402Z] ✓ Calls: 0, Used by: 0, Imports: 0
[2026-02-05T15:30:44.402Z] 🔍 Analyzing connections for 'UsersPublicSchema'...
[2026-02-05T15:30:44.419Z] ✓ Calls: 0, Used by: 0, Imports: 0
[2026-02-05T15:30:44.420Z] 🔍 Analyzing connections for 'ValidationErrorSchema'...
[2026-02-05T15:30:44.436Z] ✓ Calls: 0, Used by: 0, Imports: 0
[2026-02-05T15:30:44.436Z] 🔍 Analyzing connections for 'onSubmit'...
[2026-02-05T15:30:44.453Z] ✓ Calls: 0, Used by: 0, Imports: 0
[2026-02-05T15:30:44.453Z] 🔍 Analyzing connections for 'FormData'...
[2026-02-05T15:30:44.470Z] ✓ Calls: 0, Used by: 0, Imports: 0
[2026-02-05T15:30:44.470Z] 🔍 Analyzing connections for 'formSchema'...
[2026-02-05T15:30:44.485Z] ✓ Calls: 0, Used by: 0, Imports: 0
[2026-02-05T15:30:44.485Z] 🔍 Analyzing connections for 'Route'...
[2026-02-05T15:30:44.502Z] ✓ Calls: 0, Used by: 0, Imports: 57
[2026-02-05T15:30:44.502Z] 🔍 Analyzing connections for '{ loginMutation }'...
[2026-02-05T15:30:44.518Z] ✓ Calls: 1, Used by: 0, Imports: 0
[2026-02-05T15:30:44.518Z] 🔍 Analyzing connections for 'form'...
[2026-02-05T15:30:44.534Z] ✓ Calls: 0, Used by: 0, Imports: 70
[2026-02-05T15:30:44.535Z] 🔍 Analyzing connections for 'recoverPassword'...
[2026-02-05T15:30:44.551Z] ✓ Calls: 0, Used by: 0, Imports: 0
[2026-02-05T15:30:44.551Z] 🔍 Analyzing connections for 'onSubmit'...
[2026-02-05T15:30:44.568Z] ✓ Calls: 0, Used by: 0, Imports: 0
[2026-02-05T15:30:44.568Z] 🔍 Analyzing connections for 'FormData'...
[2026-02-05T15:30:44.585Z] ✓ Calls: 0, Used by: 0, Imports: 0
[2026-02-05T15:30:44.585Z] 🔍 Analyzing connections for 'formSchema'...
[2026-02-05T15:30:44.602Z] ✓ Calls: 0, Used by: 0, Imports: 0
[2026-02-05T15:30:44.603Z] 🔍 Analyzing connections for 'Route'...
[2026-02-05T15:30:44.619Z] ✓ Calls: 0, Used by: 0, Imports: 57
[2026-02-05T15:30:44.619Z] 🔍 Analyzing connections for 'form'...
[2026-02-05T15:30:44.636Z] ✓ Calls: 0, Used by: 0, Imports: 70
[2026-02-05T15:30:44.636Z] 🔍 Analyzing connections for '{ showSuccessToast, showErrorToast }'...
[2026-02-05T15:30:44.657Z] ✓ Calls: 1, Used by: 0, Imports: 0
[2026-02-05T15:30:44.657Z] 🔍 Analyzing connections for 'mutation'...
[2026-02-05T15:30:44.677Z] ✓ Calls: 1, Used by: 0, Imports: 0
[2026-02-05T15:30:44.677Z] 🔍 Analyzing connections for 'tabsConfig'...
[2026-02-05T15:30:44.694Z] ✓ Calls: 0, Used by: 0, Imports: 0
[2026-02-05T15:30:44.695Z] 🔍 Analyzing connections for 'Route'...
[2026-02-05T15:30:44.712Z] ✓ Calls: 0, Used by: 0, Imports: 57
[2026-02-05T15:30:44.712Z] 🔍 Analyzing connections for '{ user: currentUser }'...
[2026-02-05T15:30:44.729Z] ✓ Calls: 1, Used by: 0, Imports: 0
[2026-02-05T15:30:44.729Z] 🔍 Analyzing connections for 'finalTabs'...
[2026-02-05T15:30:44.745Z] ✓ Calls: 0, Used by: 0, Imports: 0
[2026-02-05T15:30:44.745Z] 🔍 Analyzing connections for 'Dashboard'...
[2026-02-05T15:30:44.762Z] ✓ Calls: 1, Used by: 0, Imports: 0
[2026-02-05T15:30:44.762Z] 🔍 Analyzing connections for 'Route'...
[2026-02-05T15:30:44.779Z] ✓ Calls: 0, Used by: 0, Imports: 57
[2026-02-05T15:30:44.779Z] 🔍 Analyzing connections for '{ user: currentUser }'...
[2026-02-05T15:30:44.796Z] ✓ Calls: 1, Used by: 0, Imports: 0
[2026-02-05T15:30:44.796Z] 🔍 Analyzing connections for 'getItemsQueryOptions'...
[2026-02-05T15:30:44.812Z] ✓ Calls: 0, Used by: 1, Imports: 0
[2026-02-05T15:30:44.812Z] 🔍 Analyzing connections for 'Route'...
[2026-02-05T15:30:44.829Z] ✓ Calls: 0, Used by: 0, Imports: 57
[2026-02-05T15:30:44.829Z] 🔍 Analyzing connections for '{ data: items }'...
[2026-02-05T15:30:44.847Z] ✓ Calls: 0, Used by: 0, Imports: 0
[2026-02-05T15:30:44.847Z] 🔍 Analyzing connections for 'getUsersQueryOptions'...
[2026-02-05T15:30:44.865Z] ✓ Calls: 0, Used by: 1, Imports: 0
[2026-02-05T15:30:44.865Z] 🔍 Analyzing connections for 'UsersTableContent'...
[2026-02-05T15:30:44.882Z] ✓ Calls: 1, Used by: 0, Imports: 0
[2026-02-05T15:30:44.882Z] 🔍 Analyzing connections for 'Route'...
[2026-02-05T15:30:44.898Z] ✓ Calls: 0, Used by: 0, Imports: 57
[2026-02-05T15:30:44.898Z] 🔍 Analyzing connections for 'user'...
[2026-02-05T15:30:44.915Z] ✓ Calls: 0, Used by: 0, Imports: 26
[2026-02-05T15:30:44.915Z] 🔍 Analyzing connections for '{ user: currentUser }'...
[2026-02-05T15:30:44.931Z] ✓ Calls: 1, Used by: 0, Imports: 0
[2026-02-05T15:30:44.931Z] 🔍 Analyzing connections for '{ data: users }'...
[2026-02-05T15:30:44.948Z] ✓ Calls: 0, Used by: 0, Imports: 0
[2026-02-05T15:30:44.948Z] 🔍 Analyzing connections for 'tableData'...
[2026-02-05T15:30:44.965Z] ✓ Calls: 0, Used by: 0, Imports: 0
[2026-02-05T15:30:44.965Z] 🔍 Analyzing connections for 'onSubmit'...
[2026-02-05T15:30:44.982Z] ✓ Calls: 0, Used by: 0, Imports: 0
[2026-02-05T15:30:44.982Z] 🔍 Analyzing connections for 'FormData'...
[2026-02-05T15:30:44.998Z] ✓ Calls: 0, Used by: 0, Imports: 0
[2026-02-05T15:30:44.998Z] 🔍 Analyzing connections for 'formSchema'...
[2026-02-05T15:30:45.014Z] ✓ Calls: 0, Used by: 0, Imports: 0
[2026-02-05T15:30:45.015Z] 🔍 Analyzing connections for 'Route'...
[2026-02-05T15:30:45.031Z] ✓ Calls: 0, Used by: 0, Imports: 57
[2026-02-05T15:30:45.031Z] 🔍 Analyzing connections for '{ signUpMutation }'...
[2026-02-05T15:30:45.048Z] ✓ Calls: 1, Used by: 0, Imports: 0
[2026-02-05T15:30:45.048Z] 🔍 Analyzing connections for 'form'...
[2026-02-05T15:30:45.065Z] ✓ Calls: 0, Used by: 0, Imports: 70
[2026-02-05T15:30:45.065Z] 🔍 Analyzing connections for '{ confirm_password: _confirm_password, ...submitData }'...
[2026-02-05T15:30:45.082Z] ✓ Calls: 0, Used by: 0, Imports: 0
[2026-02-05T15:30:45.082Z] 🔍 Analyzing connections for 'onSubmit'...
[2026-02-05T15:30:45.100Z] ✓ Calls: 0, Used by: 0, Imports: 0
[2026-02-05T15:30:45.100Z] 🔍 Analyzing connections for 'FormData'...
[2026-02-05T15:30:45.117Z] ✓ Calls: 0, Used by: 0, Imports: 0
[2026-02-05T15:30:45.117Z] 🔍 Analyzing connections for 'searchSchema'...
[2026-02-05T15:30:45.134Z] ✓ Calls: 0, Used by: 0, Imports: 0
[2026-02-05T15:30:45.134Z] 🔍 Analyzing connections for 'formSchema'...
[2026-02-05T15:30:45.152Z] ✓ Calls: 0, Used by: 0, Imports: 0
[2026-02-05T15:30:45.152Z] 🔍 Analyzing connections for 'Route'...
[2026-02-05T15:30:45.168Z] ✓ Calls: 0, Used by: 0, Imports: 57
[2026-02-05T15:30:45.168Z] 🔍 Analyzing connections for '{ token }'...
[2026-02-05T15:30:45.184Z] ✓ Calls: 0, Used by: 0, Imports: 0
[2026-02-05T15:30:45.184Z] 🔍 Analyzing connections for '{ showSuccessToast, showErrorToast }'...
[2026-02-05T15:30:45.202Z] ✓ Calls: 1, Used by: 0, Imports: 0
[2026-02-05T15:30:45.202Z] 🔍 Analyzing connections for 'navigate'...
[2026-02-05T15:30:45.219Z] ✓ Calls: 0, Used by: 4, Imports: 0
[2026-02-05T15:30:45.219Z] 🔍 Analyzing connections for 'form'...
[2026-02-05T15:30:45.235Z] ✓ Calls: 0, Used by: 0, Imports: 70
[2026-02-05T15:30:45.235Z] 🔍 Analyzing connections for 'mutation'...
[2026-02-05T15:30:45.252Z] ✓ Calls: 2, Used by: 0, Imports: 0
[2026-02-05T15:30:45.252Z] 🔍 Analyzing connections for 'Route'...
[2026-02-05T15:30:45.268Z] ✓ Calls: 0, Used by: 0, Imports: 57
[2026-02-05T15:30:45.268Z] 🔍 Analyzing connections for 'init_db'...
[2026-02-05T15:30:45.285Z] ✓ Calls: 2, Used by: 2, Imports: 2
[2026-02-05T15:30:45.285Z] 🔍 Analyzing connections for 'parse_cors'...
[2026-02-05T15:30:45.301Z] ✓ Calls: 0, Used by: 0, Imports: 0
[2026-02-05T15:30:45.301Z] 🔍 Analyzing connections for 'all_cors_origins'...
[2026-02-05T15:30:45.318Z] ✓ Calls: 0, Used by: 0, Imports: 0
[2026-02-05T15:30:45.318Z] 🔍 Analyzing connections for 'SQLALCHEMY_DATABASE_URI'...
[2026-02-05T15:30:45.335Z] ✓ Calls: 0, Used by: 0, Imports: 0
[2026-02-05T15:30:45.335Z] 🔍 Analyzing connections for '_set_default_emails_from'...
[2026-02-05T15:30:45.351Z] ✓ Calls: 0, Used by: 0, Imports: 0
[2026-02-05T15:30:45.351Z] 🔍 Analyzing connections for 'emails_enabled'...
[2026-02-05T15:30:45.369Z] ✓ Calls: 0, Used by: 0, Imports: 0
[2026-02-05T15:30:45.369Z] 🔍 Analyzing connections for '_check_default_secret'...
[2026-02-05T15:30:45.385Z] ✓ Calls: 0, Used by: 0, Imports: 0
[2026-02-05T15:30:45.385Z] 🔍 Analyzing connections for '_enforce_non_default_secrets'...
[2026-02-05T15:30:45.402Z] ✓ Calls: 3, Used by: 0, Imports: 0
[2026-02-05T15:30:45.402Z] 🔍 Analyzing connections for 'Settings'...
[2026-02-05T15:30:45.419Z] ✓ Calls: 3, Used by: 0, Imports: 11
[2026-02-05T15:30:45.419Z] 🔍 Analyzing connections for 'create_access_token'...
[2026-02-05T15:30:45.436Z] ✓ Calls: 0, Used by: 0, Imports: 0
[2026-02-05T15:30:45.436Z] 🔍 Analyzing connections for 'verify_password'...
[2026-02-05T15:30:45.452Z] ✓ Calls: 0, Used by: 10, Imports: 6
[2026-02-05T15:30:45.452Z] 🔍 Analyzing connections for 'get_password_hash'...
[2026-02-05T15:30:45.469Z] ✓ Calls: 0, Used by: 5, Imports: 4
[2026-02-05T15:30:45.469Z] 🔍 Analyzing connections for 'ALGORITHM'...
[2026-02-05T15:30:45.485Z] ✓ Calls: 0, Used by: 0, Imports: 0
[2026-02-05T15:30:45.485Z] 🔍 Analyzing connections for 'get_datetime_utc'...
[2026-02-05T15:30:45.502Z] ✓ Calls: 0, Used by: 0, Imports: 0
[2026-02-05T15:30:45.502Z] 🔍 Analyzing connections for 'UserBase'...
[2026-02-05T15:30:45.519Z] ✓ Calls: 0, Used by: 0, Imports: 0
[2026-02-05T15:30:45.519Z] 🔍 Analyzing connections for 'UserCreate'...
[2026-02-05T15:30:45.536Z] ✓ Calls: 0, Used by: 24, Imports: 9
[2026-02-05T15:30:45.536Z] 🔍 Analyzing connections for 'UserRegister'...
[2026-02-05T15:30:45.552Z] ✓ Calls: 0, Used by: 0, Imports: 3
[2026-02-05T15:30:45.553Z] 🔍 Analyzing connections for 'UserUpdate'...
[2026-02-05T15:30:45.569Z] ✓ Calls: 0, Used by: 3, Imports: 7
[2026-02-05T15:30:45.569Z] 🔍 Analyzing connections for 'UserUpdateMe'...
[2026-02-05T15:30:45.586Z] ✓ Calls: 0, Used by: 0, Imports: 3
[2026-02-05T15:30:45.586Z] 🔍 Analyzing connections for 'UpdatePassword'...
[2026-02-05T15:30:45.602Z] ✓ Calls: 0, Used by: 0, Imports: 5
[2026-02-05T15:30:45.602Z] 🔍 Analyzing connections for 'User'...
[2026-02-05T15:30:45.618Z] ✓ Calls: 0, Used by: 4, Imports: 73
[2026-02-05T15:30:45.618Z] 🔍 Analyzing connections for 'UserPublic'...
[2026-02-05T15:30:45.635Z] ✓ Calls: 0, Used by: 0, Imports: 13
[2026-02-05T15:30:45.635Z] 🔍 Analyzing connections for 'UsersPublic'...
[2026-02-05T15:30:45.651Z] ✓ Calls: 0, Used by: 1, Imports: 1
[2026-02-05T15:30:45.651Z] 🔍 Analyzing connections for 'ItemBase'...
[2026-02-05T15:30:45.668Z] ✓ Calls: 0, Used by: 0, Imports: 0
[2026-02-05T15:30:45.668Z] 🔍 Analyzing connections for 'ItemCreate'...
[2026-02-05T15:30:45.685Z] ✓ Calls: 0, Used by: 1, Imports: 5
[2026-02-05T15:30:45.685Z] 🔍 Analyzing connections for 'ItemUpdate'...
[2026-02-05T15:30:45.701Z] ✓ Calls: 0, Used by: 0, Imports: 1
[2026-02-05T15:30:45.701Z] 🔍 Analyzing connections for 'Item'...
[2026-02-05T15:30:45.717Z] ✓ Calls: 0, Used by: 0, Imports: 77
[2026-02-05T15:30:45.717Z] 🔍 Analyzing connections for 'ItemPublic'...
[2026-02-05T15:30:45.733Z] ✓ Calls: 0, Used by: 0, Imports: 7
[2026-02-05T15:30:45.733Z] 🔍 Analyzing connections for 'ItemsPublic'...
[2026-02-05T15:30:45.750Z] ✓ Calls: 0, Used by: 1, Imports: 1
[2026-02-05T15:30:45.750Z] 🔍 Analyzing connections for 'Message'...
[2026-02-05T15:30:45.767Z] ✓ Calls: 0, Used by: 7, Imports: 24
[2026-02-05T15:30:45.767Z] 🔍 Analyzing connections for 'Token'...
[2026-02-05T15:30:45.783Z] ✓ Calls: 0, Used by: 1, Imports: 10
[2026-02-05T15:30:45.783Z] 🔍 Analyzing connections for 'TokenPayload'...
[2026-02-05T15:30:45.801Z] ✓ Calls: 0, Used by: 1, Imports: 1
[2026-02-05T15:30:45.802Z] 🔍 Analyzing connections for 'NewPassword'...
[2026-02-05T15:30:45.820Z] ✓ Calls: 0, Used by: 0, Imports: 1
[2026-02-05T15:30:45.820Z] 🔍 Analyzing connections for 'init'...
[2026-02-05T15:30:45.837Z] ✓ Calls: 1, Used by: 5, Imports: 4
[2026-02-05T15:30:45.837Z] 🔍 Analyzing connections for 'main'...
[2026-02-05T15:30:45.855Z] ✓ Calls: 1, Used by: 0, Imports: 2
[2026-02-05T15:30:45.855Z] 🔍 Analyzing connections for 'init'...
[2026-02-05T15:30:45.872Z] ✓ Calls: 1, Used by: 5, Imports: 4
[2026-02-05T15:30:45.872Z] 🔍 Analyzing connections for 'main'...
[2026-02-05T15:30:45.888Z] ✓ Calls: 1, Used by: 0, Imports: 2
[2026-02-05T15:30:45.888Z] 🔍 Analyzing connections for 'render_email_template'...
[2026-02-05T15:30:45.905Z] ✓ Calls: 0, Used by: 3, Imports: 0
[2026-02-05T15:30:45.905Z] 🔍 Analyzing connections for 'send_email'...
[2026-02-05T15:30:45.921Z] ✓ Calls: 1, Used by: 3, Imports: 3
[2026-02-05T15:30:45.921Z] 🔍 Analyzing connections for 'generate_test_email'...
[2026-02-05T15:30:45.937Z] ✓ Calls: 2, Used by: 1, Imports: 1
[2026-02-05T15:30:45.937Z] 🔍 Analyzing connections for 'generate_reset_password_email'...
[2026-02-05T15:30:45.954Z] ✓ Calls: 2, Used by: 2, Imports: 1
[2026-02-05T15:30:45.955Z] 🔍 Analyzing connections for 'generate_new_account_email'...
[2026-02-05T15:30:45.972Z] ✓ Calls: 2, Used by: 1, Imports: 1
[2026-02-05T15:30:45.972Z] 🔍 Analyzing connections for 'generate_password_reset_token'...
[2026-02-05T15:30:45.988Z] ✓ Calls: 0, Used by: 3, Imports: 2
[2026-02-05T15:30:45.988Z] 🔍 Analyzing connections for 'verify_password_reset_token'...
[2026-02-05T15:30:46.004Z] ✓ Calls: 0, Used by: 1, Imports: 1
[2026-02-05T15:30:46.004Z] 🔍 Analyzing connections for 'EmailData'...
[2026-02-05T15:30:46.021Z] ✓ Calls: 0, Used by: 3, Imports: 2
[2026-02-05T15:30:46.021Z] 🔍 Analyzing connections for 'get_db'...
[2026-02-05T15:30:46.038Z] ✓ Calls: 0, Used by: 0, Imports: 0
[2026-02-05T15:30:46.038Z] 🔍 Analyzing connections for 'get_current_user'...
[2026-02-05T15:30:46.054Z] ✓ Calls: 1, Used by: 0, Imports: 0
[2026-02-05T15:30:46.054Z] 🔍 Analyzing connections for 'get_current_active_superuser'...
[2026-02-05T15:30:46.070Z] ✓ Calls: 0, Used by: 0, Imports: 3
[2026-02-05T15:30:46.070Z] 🔍 Analyzing connections for 'read_users'...
[2026-02-05T15:30:46.087Z] ✓ Calls: 1, Used by: 0, Imports: 0
[2026-02-05T15:30:46.087Z] 🔍 Analyzing connections for 'create_user'...
[2026-02-05T15:30:46.105Z] ✓ Calls: 4, Used by: 1, Imports: 1
[2026-02-05T15:30:46.105Z] 🔍 Analyzing connections for 'update_user_me'...
[2026-02-05T15:30:46.121Z] ✓ Calls: 1, Used by: 0, Imports: 0
[2026-02-05T15:30:46.121Z] 🔍 Analyzing connections for 'update_password_me'...
[2026-02-05T15:30:46.139Z] ✓ Calls: 3, Used by: 0, Imports: 0
[2026-02-05T15:30:46.139Z] 🔍 Analyzing connections for 'read_user_me'...
[2026-02-05T15:30:46.157Z] ✓ Calls: 0, Used by: 0, Imports: 0
[2026-02-05T15:30:46.157Z] 🔍 Analyzing connections for 'delete_user_me'...
[2026-02-05T15:30:46.174Z] ✓ Calls: 1, Used by: 0, Imports: 0
[2026-02-05T15:30:46.174Z] 🔍 Analyzing connections for 'register_user'...
[2026-02-05T15:30:46.192Z] ✓ Calls: 2, Used by: 0, Imports: 0
[2026-02-05T15:30:46.193Z] 🔍 Analyzing connections for 'read_user_by_id'...
[2026-02-05T15:30:46.211Z] ✓ Calls: 0, Used by: 0, Imports: 0
[2026-02-05T15:30:46.211Z] 🔍 Analyzing connections for 'update_user'...
[2026-02-05T15:30:46.230Z] ✓ Calls: 2, Used by: 0, Imports: 0
[2026-02-05T15:30:46.231Z] 🔍 Analyzing connections for 'delete_user'...
[2026-02-05T15:30:46.250Z] ✓ Calls: 1, Used by: 0, Imports: 0
[2026-02-05T15:30:46.250Z] 🔍 Analyzing connections for 'test_email'...
[2026-02-05T15:30:46.269Z] ✓ Calls: 3, Used by: 0, Imports: 1
[2026-02-05T15:30:46.269Z] 🔍 Analyzing connections for 'health_check'...
[2026-02-05T15:30:46.286Z] ✓ Calls: 0, Used by: 0, Imports: 0
[2026-02-05T15:30:46.287Z] 🔍 Analyzing connections for 'login_access_token'...
[2026-02-05T15:30:46.305Z] ✓ Calls: 3, Used by: 0, Imports: 4
[2026-02-05T15:30:46.305Z] 🔍 Analyzing connections for 'test_token'...
[2026-02-05T15:30:46.321Z] ✓ Calls: 0, Used by: 0, Imports: 0
[2026-02-05T15:30:46.322Z] 🔍 Analyzing connections for 'recover_password'...
[2026-02-05T15:30:46.339Z] ✓ Calls: 5, Used by: 0, Imports: 0
[2026-02-05T15:30:46.339Z] 🔍 Analyzing connections for 'reset_password'...
[2026-02-05T15:30:46.356Z] ✓ Calls: 5, Used by: 0, Imports: 1
[2026-02-05T15:30:46.356Z] 🔍 Analyzing connections for 'recover_password_html_content'...
[2026-02-05T15:30:46.373Z] ✓ Calls: 3, Used by: 0, Imports: 0
[2026-02-05T15:30:46.373Z] 🔍 Analyzing connections for 'read_items'...
[2026-02-05T15:30:46.390Z] ✓ Calls: 1, Used by: 0, Imports: 0
[2026-02-05T15:30:46.390Z] 🔍 Analyzing connections for 'read_item'...
[2026-02-05T15:30:46.408Z] ✓ Calls: 0, Used by: 0, Imports: 0
[2026-02-05T15:30:46.408Z] 🔍 Analyzing connections for 'create_item'...
[2026-02-05T15:30:46.426Z] ✓ Calls: 0, Used by: 0, Imports: 0
[2026-02-05T15:30:46.426Z] 🔍 Analyzing connections for 'update_item'...
[2026-02-05T15:30:46.444Z] ✓ Calls: 0, Used by: 0, Imports: 0
[2026-02-05T15:30:46.444Z] 🔍 Analyzing connections for 'delete_item'...
[2026-02-05T15:30:46.460Z] ✓ Calls: 1, Used by: 0, Imports: 0
[2026-02-05T15:30:46.460Z] 🔍 Analyzing connections for 'create_user'...
[2026-02-05T15:30:46.477Z] ✓ Calls: 1, Used by: 1, Imports: 1
[2026-02-05T15:30:46.477Z] 🔍 Analyzing connections for 'PrivateUserCreate'...
[2026-02-05T15:30:46.494Z] ✓ Calls: 0, Used by: 0, Imports: 0
[2026-02-05T15:30:46.494Z] 🔍 Analyzing connections for 'get_url'...
[2026-02-05T15:30:46.511Z] ✓ Calls: 0, Used by: 2, Imports: 0
[2026-02-05T15:30:46.511Z] 🔍 Analyzing connections for 'run_migrations_offline'...
[2026-02-05T15:30:46.528Z] ✓ Calls: 1, Used by: 0, Imports: 0
[2026-02-05T15:30:46.528Z] 🔍 Analyzing connections for 'run_migrations_online'...
[2026-02-05T15:30:46.545Z] ✓ Calls: 0, Used by: 0, Imports: 0
[2026-02-05T15:30:46.546Z] 🔍 Analyzing connections for 'upgrade'...
[2026-02-05T15:30:46.563Z] ✓ Calls: 0, Used by: 0, Imports: 0
[2026-02-05T15:30:46.563Z] 🔍 Analyzing connections for 'downgrade'...
[2026-02-05T15:30:46.581Z] ✓ Calls: 0, Used by: 0, Imports: 0
[2026-02-05T15:30:46.581Z] 🔍 Analyzing connections for 'upgrade'...
[2026-02-05T15:30:46.598Z] ✓ Calls: 0, Used by: 0, Imports: 0
[2026-02-05T15:30:46.598Z] 🔍 Analyzing connections for 'downgrade'...
[2026-02-05T15:30:46.615Z] ✓ Calls: 0, Used by: 0, Imports: 0
[2026-02-05T15:30:46.615Z] 🔍 Analyzing connections for 'upgrade'...
[2026-02-05T15:30:46.632Z] ✓ Calls: 0, Used by: 0, Imports: 0
[2026-02-05T15:30:46.632Z] 🔍 Analyzing connections for 'downgrade'...
[2026-02-05T15:30:46.649Z] ✓ Calls: 0, Used by: 0, Imports: 0
[2026-02-05T15:30:46.649Z] 🔍 Analyzing connections for 'upgrade'...
[2026-02-05T15:30:46.666Z] ✓ Calls: 0, Used by: 0, Imports: 0
[2026-02-05T15:30:46.667Z] 🔍 Analyzing connections for 'downgrade'...
[2026-02-05T15:30:46.684Z] ✓ Calls: 0, Used by: 0, Imports: 0
[2026-02-05T15:30:46.684Z] 🔍 Analyzing connections for 'upgrade'...
[2026-02-05T15:30:46.701Z] ✓ Calls: 0, Used by: 0, Imports: 0
[2026-02-05T15:30:46.701Z] 🔍 Analyzing connections for 'downgrade'...
[2026-02-05T15:30:46.718Z] ✓ Calls: 0, Used by: 0, Imports: 0
[2026-02-05T15:30:46.718Z] 🔍 Analyzing connections for 'init'...
[2026-02-05T15:30:46.736Z] ✓ Calls: 1, Used by: 5, Imports: 4
[2026-02-05T15:30:46.736Z] 🔍 Analyzing connections for 'main'...
[2026-02-05T15:30:46.752Z] ✓ Calls: 1, Used by: 0, Imports: 2
[2026-02-05T15:30:46.752Z] 🔍 Analyzing connections for 'custom_generate_unique_id'...
[2026-02-05T15:30:46.769Z] ✓ Calls: 0, Used by: 0, Imports: 0
[2026-02-05T15:30:46.769Z] 🔍 Analyzing connections for 'create_user'...
[2026-02-05T15:30:46.786Z] ✓ Calls: 1, Used by: 1, Imports: 1
[2026-02-05T15:30:46.786Z] 🔍 Analyzing connections for 'update_user'...
[2026-02-05T15:30:46.803Z] ✓ Calls: 1, Used by: 0, Imports: 0
[2026-02-05T15:30:46.803Z] 🔍 Analyzing connections for 'get_user_by_email'...
[2026-02-05T15:30:46.820Z] ✓ Calls: 0, Used by: 1, Imports: 0
[2026-02-05T15:30:46.820Z] 🔍 Analyzing connections for 'authenticate'...
[2026-02-05T15:30:46.837Z] ✓ Calls: 3, Used by: 0, Imports: 0
[2026-02-05T15:30:46.837Z] 🔍 Analyzing connections for 'create_item'...
[2026-02-05T15:30:46.854Z] ✓ Calls: 0, Used by: 0, Imports: 0
[2026-02-05T15:30:46.854Z] 🔍 Analyzing connections for 'DUMMY_HASH'...
[2026-02-05T15:30:46.871Z] ✓ Calls: 0, Used by: 0, Imports: 0
[2026-02-05T15:30:46.871Z] 🔍 Analyzing connections for 'db'...
[2026-02-05T15:30:46.889Z] ✓ Calls: 1, Used by: 0, Imports: 5
[2026-02-05T15:30:46.889Z] 🔍 Analyzing connections for 'client'...
[2026-02-05T15:30:46.905Z] ✓ Calls: 0, Used by: 0, Imports: 53
[2026-02-05T15:30:46.905Z] 🔍 Analyzing connections for 'superuser_token_headers'...
[2026-02-05T15:30:46.922Z] ✓ Calls: 1, Used by: 0, Imports: 1
[2026-02-05T15:30:46.922Z] 🔍 Analyzing connections for 'normal_user_token_headers'...
[2026-02-05T15:30:46.939Z] ✓ Calls: 1, Used by: 0, Imports: 0
[2026-02-05T15:30:46.939Z] 🔍 Analyzing connections for 'user_authentication_headers'...
[2026-02-05T15:30:46.957Z] ✓ Calls: 0, Used by: 2, Imports: 1
[2026-02-05T15:30:46.957Z] 🔍 Analyzing connections for 'create_random_user'...
[2026-02-05T15:30:46.974Z] ✓ Calls: 4, Used by: 2, Imports: 2
[2026-02-05T15:30:46.974Z] 🔍 Analyzing connections for 'authentication_token_from_email'...
[2026-02-05T15:30:46.990Z] ✓ Calls: 7, Used by: 1, Imports: 1
[2026-02-05T15:30:46.990Z] 🔍 Analyzing connections for 'random_lower_string'...
[2026-02-05T15:30:47.007Z] ✓ Calls: 0, Used by: 41, Imports: 5
[2026-02-05T15:30:47.007Z] 🔍 Analyzing connections for 'random_email'...
[2026-02-05T15:30:47.023Z] ✓ Calls: 0, Used by: 30, Imports: 4
[2026-02-05T15:30:47.023Z] 🔍 Analyzing connections for 'get_superuser_token_headers'...
[2026-02-05T15:30:47.040Z] ✓ Calls: 0, Used by: 1, Imports: 1
[2026-02-05T15:30:47.040Z] 🔍 Analyzing connections for 'create_random_item'...
[2026-02-05T15:30:47.060Z] ✓ Calls: 5, Used by: 8, Imports: 1
[2026-02-05T15:30:47.060Z] 🔍 Analyzing connections for 'test_init_successful_connection'...
[2026-02-05T15:30:47.078Z] ✓ Calls: 1, Used by: 0, Imports: 0
[2026-02-05T15:30:47.078Z] 🔍 Analyzing connections for 'test_init_successful_connection'...
[2026-02-05T15:30:47.095Z] ✓ Calls: 1, Used by: 0, Imports: 0
[2026-02-05T15:30:47.095Z] 🔍 Analyzing connections for 'test_create_user'...
[2026-02-05T15:30:47.113Z] ✓ Calls: 4, Used by: 0, Imports: 0
[2026-02-05T15:30:47.113Z] 🔍 Analyzing connections for 'test_authenticate_user'...
[2026-02-05T15:30:47.130Z] ✓ Calls: 5, Used by: 0, Imports: 0
[2026-02-05T15:30:47.130Z] 🔍 Analyzing connections for 'test_not_authenticate_user'...
[2026-02-05T15:30:47.147Z] ✓ Calls: 3, Used by: 0, Imports: 0
[2026-02-05T15:30:47.147Z] 🔍 Analyzing connections for 'test_check_if_user_is_active'...
[2026-02-05T15:30:47.165Z] ✓ Calls: 4, Used by: 0, Imports: 0
[2026-02-05T15:30:47.165Z] 🔍 Analyzing connections for 'test_check_if_user_is_active_inactive'...
[2026-02-05T15:30:47.182Z] ✓ Calls: 4, Used by: 0, Imports: 0
[2026-02-05T15:30:47.182Z] 🔍 Analyzing connections for 'test_check_if_user_is_superuser'...
[2026-02-05T15:30:47.199Z] ✓ Calls: 4, Used by: 0, Imports: 0
[2026-02-05T15:30:47.199Z] 🔍 Analyzing connections for 'test_check_if_user_is_superuser_normal_user'...
[2026-02-05T15:30:47.217Z] ✓ Calls: 4, Used by: 0, Imports: 0
[2026-02-05T15:30:47.217Z] 🔍 Analyzing connections for 'test_get_user'...
[2026-02-05T15:30:47.233Z] ✓ Calls: 4, Used by: 0, Imports: 0
[2026-02-05T15:30:47.233Z] 🔍 Analyzing connections for 'test_update_user'...
[2026-02-05T15:30:47.250Z] ✓ Calls: 8, Used by: 0, Imports: 0
[2026-02-05T15:30:47.250Z] 🔍 Analyzing connections for 'test_authenticate_user_with_bcrypt_upgrades_to_argon2'...
[2026-02-05T15:30:47.267Z] ✓ Calls: 5, Used by: 0, Imports: 0
[2026-02-05T15:30:47.267Z] 🔍 Analyzing connections for 'test_get_access_token'...
[2026-02-05T15:30:47.283Z] ✓ Calls: 0, Used by: 0, Imports: 0
[2026-02-05T15:30:47.283Z] 🔍 Analyzing connections for 'test_get_access_token_incorrect_password'...
[2026-02-05T15:30:47.301Z] ✓ Calls: 0, Used by: 0, Imports: 0
[2026-02-05T15:30:47.301Z] 🔍 Analyzing connections for 'test_use_access_token'...
[2026-02-05T15:30:47.318Z] ✓ Calls: 0, Used by: 0, Imports: 0
[2026-02-05T15:30:47.318Z] 🔍 Analyzing connections for 'test_recovery_password'...
[2026-02-05T15:30:47.336Z] ✓ Calls: 0, Used by: 0, Imports: 0
[2026-02-05T15:30:47.336Z] 🔍 Analyzing connections for 'test_recovery_password_user_not_exits'...
[2026-02-05T15:30:47.353Z] ✓ Calls: 0, Used by: 0, Imports: 0
[2026-02-05T15:30:47.353Z] 🔍 Analyzing connections for 'test_reset_password'...
[2026-02-05T15:30:47.370Z] ✓ Calls: 8, Used by: 0, Imports: 0
[2026-02-05T15:30:47.370Z] 🔍 Analyzing connections for 'test_reset_password_invalid_token'...
[2026-02-05T15:30:47.387Z] ✓ Calls: 0, Used by: 0, Imports: 0
[2026-02-05T15:30:47.387Z] 🔍 Analyzing connections for 'test_login_with_bcrypt_password_upgrades_to_argon2'...
[2026-02-05T15:30:47.405Z] ✓ Calls: 4, Used by: 0, Imports: 0
[2026-02-05T15:30:47.405Z] 🔍 Analyzing connections for 'test_login_with_argon2_password_keeps_hash'...
[2026-02-05T15:30:47.423Z] ✓ Calls: 4, Used by: 0, Imports: 0
[2026-02-05T15:30:47.423Z] 🔍 Analyzing connections for 'test_create_item'...
[2026-02-05T15:30:47.440Z] ✓ Calls: 0, Used by: 0, Imports: 0
[2026-02-05T15:30:47.440Z] 🔍 Analyzing connections for 'test_read_item'...
[2026-02-05T15:30:47.457Z] ✓ Calls: 1, Used by: 0, Imports: 0
[2026-02-05T15:30:47.457Z] 🔍 Analyzing connections for 'test_read_item_not_found'...
[2026-02-05T15:30:47.474Z] ✓ Calls: 0, Used by: 0, Imports: 0
[2026-02-05T15:30:47.474Z] 🔍 Analyzing connections for 'test_read_item_not_enough_permissions'...
[2026-02-05T15:30:47.492Z] ✓ Calls: 1, Used by: 0, Imports: 0
[2026-02-05T15:30:47.492Z] 🔍 Analyzing connections for 'test_read_items'...
[2026-02-05T15:30:47.508Z] ✓ Calls: 2, Used by: 0, Imports: 0
[2026-02-05T15:30:47.508Z] 🔍 Analyzing connections for 'test_update_item'...
[2026-02-05T15:30:47.525Z] ✓ Calls: 1, Used by: 0, Imports: 0
[2026-02-05T15:30:47.525Z] 🔍 Analyzing connections for 'test_update_item_not_found'...
[2026-02-05T15:30:47.543Z] ✓ Calls: 0, Used by: 0, Imports: 0
[2026-02-05T15:30:47.543Z] 🔍 Analyzing connections for 'test_update_item_not_enough_permissions'...
[2026-02-05T15:30:47.561Z] ✓ Calls: 1, Used by: 0, Imports: 0
[2026-02-05T15:30:47.561Z] 🔍 Analyzing connections for 'test_delete_item'...
[2026-02-05T15:30:47.578Z] ✓ Calls: 1, Used by: 0, Imports: 0
[2026-02-05T15:30:47.578Z] 🔍 Analyzing connections for 'test_delete_item_not_found'...
[2026-02-05T15:30:47.596Z] ✓ Calls: 0, Used by: 0, Imports: 0
[2026-02-05T15:30:47.596Z] 🔍 Analyzing connections for 'test_delete_item_not_enough_permissions'...
[2026-02-05T15:30:47.613Z] ✓ Calls: 1, Used by: 0, Imports: 0
[2026-02-05T15:30:47.613Z] 🔍 Analyzing connections for 'test_get_users_superuser_me'...
[2026-02-05T15:30:47.632Z] ✓ Calls: 0, Used by: 0, Imports: 0
[2026-02-05T15:30:47.632Z] 🔍 Analyzing connections for 'test_get_users_normal_user_me'...
[2026-02-05T15:30:47.649Z] ✓ Calls: 0, Used by: 0, Imports: 0
[2026-02-05T15:30:47.649Z] 🔍 Analyzing connections for 'test_create_user_new_email'...
[2026-02-05T15:30:47.666Z] ✓ Calls: 3, Used by: 0, Imports: 0
[2026-02-05T15:30:47.667Z] 🔍 Analyzing connections for 'test_get_existing_user_as_superuser'...
[2026-02-05T15:30:47.685Z] ✓ Calls: 5, Used by: 0, Imports: 0
[2026-02-05T15:30:47.685Z] 🔍 Analyzing connections for 'test_get_non_existing_user_as_superuser'...
[2026-02-05T15:30:47.703Z] ✓ Calls: 0, Used by: 0, Imports: 0
[2026-02-05T15:30:47.703Z] 🔍 Analyzing connections for 'test_get_existing_user_current_user'...
[2026-02-05T15:30:47.721Z] ✓ Calls: 5, Used by: 0, Imports: 0
[2026-02-05T15:30:47.721Z] 🔍 Analyzing connections for 'test_get_existing_user_permissions_error'...
[2026-02-05T15:30:47.740Z] ✓ Calls: 1, Used by: 0, Imports: 0
[2026-02-05T15:30:47.740Z] 🔍 Analyzing connections for 'test_get_non_existing_user_permissions_error'...
[2026-02-05T15:30:47.758Z] ✓ Calls: 0, Used by: 0, Imports: 0
[2026-02-05T15:30:47.758Z] 🔍 Analyzing connections for 'test_create_user_existing_username'...
[2026-02-05T15:30:47.777Z] ✓ Calls: 4, Used by: 0, Imports: 0
[2026-02-05T15:30:47.777Z] 🔍 Analyzing connections for 'test_create_user_by_normal_user'...
[2026-02-05T15:30:47.796Z] ✓ Calls: 2, Used by: 0, Imports: 0
[2026-02-05T15:30:47.796Z] 🔍 Analyzing connections for 'test_retrieve_users'...
[2026-02-05T15:30:47.813Z] ✓ Calls: 8, Used by: 0, Imports: 0
[2026-02-05T15:30:47.813Z] 🔍 Analyzing connections for 'test_update_user_me'...
[2026-02-05T15:30:47.831Z] ✓ Calls: 1, Used by: 0, Imports: 0
[2026-02-05T15:30:47.831Z] 🔍 Analyzing connections for 'test_update_password_me'...
[2026-02-05T15:30:47.849Z] ✓ Calls: 3, Used by: 0, Imports: 0
[2026-02-05T15:30:47.849Z] 🔍 Analyzing connections for 'test_update_password_me_incorrect_password'...
[2026-02-05T15:30:47.867Z] ✓ Calls: 1, Used by: 0, Imports: 0
[2026-02-05T15:30:47.868Z] 🔍 Analyzing connections for 'test_update_user_me_email_exists'...
[2026-02-05T15:30:47.886Z] ✓ Calls: 4, Used by: 0, Imports: 0
[2026-02-05T15:30:47.886Z] 🔍 Analyzing connections for 'test_update_password_me_same_password_error'...
[2026-02-05T15:30:47.905Z] ✓ Calls: 0, Used by: 0, Imports: 0
[2026-02-05T15:30:47.905Z] 🔍 Analyzing connections for 'test_register_user'...
[2026-02-05T15:30:47.923Z] ✓ Calls: 4, Used by: 0, Imports: 0
[2026-02-05T15:30:47.923Z] 🔍 Analyzing connections for 'test_register_user_already_exists_error'...
[2026-02-05T15:30:47.941Z] ✓ Calls: 2, Used by: 0, Imports: 0
[2026-02-05T15:30:47.941Z] 🔍 Analyzing connections for 'test_update_user'...
[2026-02-05T15:30:47.960Z] ✓ Calls: 4, Used by: 0, Imports: 0
[2026-02-05T15:30:47.960Z] 🔍 Analyzing connections for 'test_update_user_not_exists'...
[2026-02-05T15:30:47.978Z] ✓ Calls: 0, Used by: 0, Imports: 0
[2026-02-05T15:30:47.978Z] 🔍 Analyzing connections for 'test_update_user_email_exists'...
[2026-02-05T15:30:47.997Z] ✓ Calls: 8, Used by: 0, Imports: 0
[2026-02-05T15:30:47.997Z] 🔍 Analyzing connections for 'test_delete_user_me'...
[2026-02-05T15:30:48.015Z] ✓ Calls: 4, Used by: 0, Imports: 0
[2026-02-05T15:30:48.015Z] 🔍 Analyzing connections for 'test_delete_user_me_as_superuser'...
[2026-02-05T15:30:48.034Z] ✓ Calls: 0, Used by: 0, Imports: 0
[2026-02-05T15:30:48.034Z] 🔍 Analyzing connections for 'test_delete_user_super_user'...
[2026-02-05T15:30:48.053Z] ✓ Calls: 4, Used by: 0, Imports: 0
[2026-02-05T15:30:48.053Z] 🔍 Analyzing connections for 'test_delete_user_not_found'...
[2026-02-05T15:30:48.072Z] ✓ Calls: 0, Used by: 0, Imports: 0
[2026-02-05T15:30:48.072Z] 🔍 Analyzing connections for 'test_delete_user_current_super_user_error'...
[2026-02-05T15:30:48.091Z] ✓ Calls: 1, Used by: 0, Imports: 0
[2026-02-05T15:30:48.091Z] 🔍 Analyzing connections for 'test_delete_user_without_privileges'...
[2026-02-05T15:30:48.110Z] ✓ Calls: 4, Used by: 0, Imports: 0
[2026-02-05T15:30:48.110Z] 🔍 Analyzing connections for 'test_create_user'...
[2026-02-05T15:30:48.128Z] ✓ Calls: 0, Used by: 0, Imports: 0
[2026-02-05T15:30:48.128Z] ✅ Connection analysis complete!
[2026-02-05T15:30:48.164Z] 🌸 Generating Cursor rules for root...
[2026-02-05T15:30:48.188Z] ✅ Generated .cursor/rules for root
[2026-02-05T15:30:48.190Z] Looking for profile.json...
[2026-02-05T15:30:48.203Z] Found profile with 872 code patterns
[2026-02-05T15:30:48.223Z] Account ID: ab07aca4-4bfb-495d-924d-f5135e7be0f9
[2026-02-05T15:30:48.223Z] Codebase ID: 84283a44-3e1e-4dff-82a4-dad7212ec972
[2026-02-05T15:30:48.460Z] Root profile uploaded
[2026-02-05T15:30:48.460Z] Job ID: 7c83e054-2a45-4070-8e96-af73a2efcd13
[2026-02-05T15:30:48.460Z] Configuration saved
[2026-02-05T15:30:48.460Z] ✓ Metadata uploaded and config.json established

--- LOG END: 2026-02-05T15:30:48.462Z (Success: true) ---
